homology_group	ancestral_linkage_group	chromosomes_in_ALG
HG001713	ALG001	Emue:scaffold_0001 Cgig:NC_047566.1 Nvec_vc1.1:NC_064034.1
HG001715	ALG001	Emue:scaffold_0001 Cgig:NC_047566.1 Nvec_vc1.1:NC_064034.1
HG001847	ALG001	Emue:scaffold_0001 Cgig:NC_047566.1 Nvec_vc1.1:NC_064034.1
HG001944	ALG001	Emue:scaffold_0001 Cgig:NC_047566.1 Nvec_vc1.1:NC_064034.1
HG001945	ALG001	Emue:scaffold_0001 Cgig:NC_047566.1 Nvec_vc1.1:NC_064034.1
HG002053	ALG001	Emue:scaffold_0001 Cgig:NC_047566.1 Nvec_vc1.1:NC_064034.1
HG002133	ALG001	Emue:scaffold_0001 Cgig:NC_047566.1 Nvec_vc1.1:NC_064034.1
HG002193	ALG001	Emue:scaffold_0001 Cgig:NC_047566.1 Nvec_vc1.1:NC_064034.1
HG002194	ALG001	Emue:scaffold_0001 Cgig:NC_047566.1 Nvec_vc1.1:NC_064034.1
HG002196	ALG001	Emue:scaffold_0001 Cgig:NC_047566.1 Nvec_vc1.1:NC_064034.1
HG002372	ALG001	Emue:scaffold_0001 Cgig:NC_047566.1 Nvec_vc1.1:NC_064034.1
HG002373	ALG001	Emue:scaffold_0001 Cgig:NC_047566.1 Nvec_vc1.1:NC_064034.1
HG002380	ALG001	Emue:scaffold_0001 Cgig:NC_047566.1 Nvec_vc1.1:NC_064034.1
HG002382	ALG001	Emue:scaffold_0001 Cgig:NC_047566.1 Nvec_vc1.1:NC_064034.1
HG002383	ALG001	Emue:scaffold_0001 Cgig:NC_047566.1 Nvec_vc1.1:NC_064034.1
HG002386	ALG001	Emue:scaffold_0001 Cgig:NC_047566.1 Nvec_vc1.1:NC_064034.1
HG002514	ALG001	Emue:scaffold_0001 Cgig:NC_047566.1 Nvec_vc1.1:NC_064034.1
HG002598	ALG001	Emue:scaffold_0001 Cgig:NC_047566.1 Nvec_vc1.1:NC_064034.1
HG002604	ALG001	Emue:scaffold_0001 Cgig:NC_047566.1 Nvec_vc1.1:NC_064034.1
HG002617	ALG001	Emue:scaffold_0001 Cgig:NC_047566.1 Nvec_vc1.1:NC_064034.1
HG002660	ALG001	Emue:scaffold_0001 Cgig:NC_047566.1 Nvec_vc1.1:NC_064034.1
HG002670	ALG001	Emue:scaffold_0001 Cgig:NC_047566.1 Nvec_vc1.1:NC_064034.1
HG002671	ALG001	Emue:scaffold_0001 Cgig:NC_047566.1 Nvec_vc1.1:NC_064034.1
HG002793	ALG001	Emue:scaffold_0001 Cgig:NC_047566.1 Nvec_vc1.1:NC_064034.1
HG003073	ALG001	Emue:scaffold_0001 Cgig:NC_047566.1 Nvec_vc1.1:NC_064034.1
HG003075	ALG001	Emue:scaffold_0001 Cgig:NC_047566.1 Nvec_vc1.1:NC_064034.1
HG003076	ALG001	Emue:scaffold_0001 Cgig:NC_047566.1 Nvec_vc1.1:NC_064034.1
HG003079	ALG001	Emue:scaffold_0001 Cgig:NC_047566.1 Nvec_vc1.1:NC_064034.1
HG003082	ALG001	Emue:scaffold_0001 Cgig:NC_047566.1 Nvec_vc1.1:NC_064034.1
HG003083	ALG001	Emue:scaffold_0001 Cgig:NC_047566.1 Nvec_vc1.1:NC_064034.1
HG003087	ALG001	Emue:scaffold_0001 Cgig:NC_047566.1 Nvec_vc1.1:NC_064034.1
HG003088	ALG001	Emue:scaffold_0001 Cgig:NC_047566.1 Nvec_vc1.1:NC_064034.1
HG003089	ALG001	Emue:scaffold_0001 Cgig:NC_047566.1 Nvec_vc1.1:NC_064034.1
HG003091	ALG001	Emue:scaffold_0001 Cgig:NC_047566.1 Nvec_vc1.1:NC_064034.1
HG003092	ALG001	Emue:scaffold_0001 Cgig:NC_047566.1 Nvec_vc1.1:NC_064034.1
HG003093	ALG001	Emue:scaffold_0001 Cgig:NC_047566.1 Nvec_vc1.1:NC_064034.1
HG003098	ALG001	Emue:scaffold_0001 Cgig:NC_047566.1 Nvec_vc1.1:NC_064034.1
HG003478	ALG001	Emue:scaffold_0001 Cgig:NC_047566.1 Nvec_vc1.1:NC_064034.1
HG003573	ALG001	Emue:scaffold_0001 Cgig:NC_047566.1 Nvec_vc1.1:NC_064034.1
HG003678	ALG001	Emue:scaffold_0001 Cgig:NC_047566.1 Nvec_vc1.1:NC_064034.1
HG003679	ALG001	Emue:scaffold_0001 Cgig:NC_047566.1 Nvec_vc1.1:NC_064034.1
HG003680	ALG001	Emue:scaffold_0001 Cgig:NC_047566.1 Nvec_vc1.1:NC_064034.1
HG003683	ALG001	Emue:scaffold_0001 Cgig:NC_047566.1 Nvec_vc1.1:NC_064034.1
HG004179	ALG001	Emue:scaffold_0001 Cgig:NC_047566.1 Nvec_vc1.1:NC_064034.1
HG004180	ALG001	Emue:scaffold_0001 Cgig:NC_047566.1 Nvec_vc1.1:NC_064034.1
HG004181	ALG001	Emue:scaffold_0001 Cgig:NC_047566.1 Nvec_vc1.1:NC_064034.1
HG004184	ALG001	Emue:scaffold_0001 Cgig:NC_047566.1 Nvec_vc1.1:NC_064034.1
HG004188	ALG001	Emue:scaffold_0001 Cgig:NC_047566.1 Nvec_vc1.1:NC_064034.1
HG004198	ALG001	Emue:scaffold_0001 Cgig:NC_047566.1 Nvec_vc1.1:NC_064034.1
HG004200	ALG001	Emue:scaffold_0001 Cgig:NC_047566.1 Nvec_vc1.1:NC_064034.1
HG004201	ALG001	Emue:scaffold_0001 Cgig:NC_047566.1 Nvec_vc1.1:NC_064034.1
HG004678	ALG001	Emue:scaffold_0001 Cgig:NC_047566.1 Nvec_vc1.1:NC_064034.1
HG004804	ALG001	Emue:scaffold_0001 Cgig:NC_047566.1 Nvec_vc1.1:NC_064034.1
HG004806	ALG001	Emue:scaffold_0001 Cgig:NC_047566.1 Nvec_vc1.1:NC_064034.1
HG005300	ALG001	Emue:scaffold_0001 Cgig:NC_047566.1 Nvec_vc1.1:NC_064034.1
HG005545	ALG001	Emue:scaffold_0001 Cgig:NC_047566.1 Nvec_vc1.1:NC_064034.1
HG001814	ALG002	Emue:scaffold_0002 Cgig:NC_047568.1 Nvec_vc1.1:NC_064044.1
HG001837	ALG002	Emue:scaffold_0002 Cgig:NC_047568.1 Nvec_vc1.1:NC_064044.1
HG002549	ALG002	Emue:scaffold_0002 Cgig:NC_047568.1 Nvec_vc1.1:NC_064044.1
HG002897	ALG002	Emue:scaffold_0002 Cgig:NC_047568.1 Nvec_vc1.1:NC_064044.1
HG002898	ALG002	Emue:scaffold_0002 Cgig:NC_047568.1 Nvec_vc1.1:NC_064044.1
HG003443	ALG002	Emue:scaffold_0002 Cgig:NC_047568.1 Nvec_vc1.1:NC_064044.1
HG003444	ALG002	Emue:scaffold_0002 Cgig:NC_047568.1 Nvec_vc1.1:NC_064044.1
HG003447	ALG002	Emue:scaffold_0002 Cgig:NC_047568.1 Nvec_vc1.1:NC_064044.1
HG004033	ALG002	Emue:scaffold_0002 Cgig:NC_047568.1 Nvec_vc1.1:NC_064044.1
HG004465	ALG002	Emue:scaffold_0002 Cgig:NC_047568.1 Nvec_vc1.1:NC_064044.1
HG004995	ALG002	Emue:scaffold_0002 Cgig:NC_047568.1 Nvec_vc1.1:NC_064044.1
HG005211	ALG002	Emue:scaffold_0002 Cgig:NC_047568.1 Nvec_vc1.1:NC_064044.1
HG001334	ALG003	Emue:scaffold_0003 Cgig:NC_047559.1 Nvec_vc1.1:NC_064039.1
HG001404	ALG003	Emue:scaffold_0003 Cgig:NC_047559.1 Nvec_vc1.1:NC_064039.1
HG002170	ALG003	Emue:scaffold_0003 Cgig:NC_047559.1 Nvec_vc1.1:NC_064039.1
HG002332	ALG003	Emue:scaffold_0003 Cgig:NC_047559.1 Nvec_vc1.1:NC_064039.1
HG002346	ALG003	Emue:scaffold_0003 Cgig:NC_047559.1 Nvec_vc1.1:NC_064039.1
HG003000	ALG003	Emue:scaffold_0003 Cgig:NC_047559.1 Nvec_vc1.1:NC_064039.1
HG003006	ALG003	Emue:scaffold_0003 Cgig:NC_047559.1 Nvec_vc1.1:NC_064039.1
HG003007	ALG003	Emue:scaffold_0003 Cgig:NC_047559.1 Nvec_vc1.1:NC_064039.1
HG003581	ALG003	Emue:scaffold_0003 Cgig:NC_047559.1 Nvec_vc1.1:NC_064039.1
HG003586	ALG003	Emue:scaffold_0003 Cgig:NC_047559.1 Nvec_vc1.1:NC_064039.1
HG003588	ALG003	Emue:scaffold_0003 Cgig:NC_047559.1 Nvec_vc1.1:NC_064039.1
HG003589	ALG003	Emue:scaffold_0003 Cgig:NC_047559.1 Nvec_vc1.1:NC_064039.1
HG003591	ALG003	Emue:scaffold_0003 Cgig:NC_047559.1 Nvec_vc1.1:NC_064039.1
HG004063	ALG003	Emue:scaffold_0003 Cgig:NC_047559.1 Nvec_vc1.1:NC_064039.1
HG004113	ALG003	Emue:scaffold_0003 Cgig:NC_047559.1 Nvec_vc1.1:NC_064039.1
HG004224	ALG003	Emue:scaffold_0003 Cgig:NC_047559.1 Nvec_vc1.1:NC_064039.1
HG004495	ALG003	Emue:scaffold_0003 Cgig:NC_047559.1 Nvec_vc1.1:NC_064039.1
HG004523	ALG003	Emue:scaffold_0003 Cgig:NC_047559.1 Nvec_vc1.1:NC_064039.1
HG001539	ALG004	Emue:scaffold_0004 Cgig:NC_047567.1 Nvec_vc1.1:NC_064035.1
HG001821	ALG004	Emue:scaffold_0004 Cgig:NC_047567.1 Nvec_vc1.1:NC_064035.1
HG002127	ALG004	Emue:scaffold_0004 Cgig:NC_047567.1 Nvec_vc1.1:NC_064035.1
HG002261	ALG004	Emue:scaffold_0004 Cgig:NC_047567.1 Nvec_vc1.1:NC_064035.1
HG002269	ALG004	Emue:scaffold_0004 Cgig:NC_047567.1 Nvec_vc1.1:NC_064035.1
HG002494	ALG004	Emue:scaffold_0004 Cgig:NC_047567.1 Nvec_vc1.1:NC_064035.1
HG002536	ALG004	Emue:scaffold_0004 Cgig:NC_047567.1 Nvec_vc1.1:NC_064035.1
HG002609	ALG004	Emue:scaffold_0004 Cgig:NC_047567.1 Nvec_vc1.1:NC_064035.1
HG002813	ALG004	Emue:scaffold_0004 Cgig:NC_047567.1 Nvec_vc1.1:NC_064035.1
HG002815	ALG004	Emue:scaffold_0004 Cgig:NC_047567.1 Nvec_vc1.1:NC_064035.1
HG002818	ALG004	Emue:scaffold_0004 Cgig:NC_047567.1 Nvec_vc1.1:NC_064035.1
HG002820	ALG004	Emue:scaffold_0004 Cgig:NC_047567.1 Nvec_vc1.1:NC_064035.1
HG002822	ALG004	Emue:scaffold_0004 Cgig:NC_047567.1 Nvec_vc1.1:NC_064035.1
HG002823	ALG004	Emue:scaffold_0004 Cgig:NC_047567.1 Nvec_vc1.1:NC_064035.1
HG002826	ALG004	Emue:scaffold_0004 Cgig:NC_047567.1 Nvec_vc1.1:NC_064035.1
HG003344	ALG004	Emue:scaffold_0004 Cgig:NC_047567.1 Nvec_vc1.1:NC_064035.1
HG003348	ALG004	Emue:scaffold_0004 Cgig:NC_047567.1 Nvec_vc1.1:NC_064035.1
HG003350	ALG004	Emue:scaffold_0004 Cgig:NC_047567.1 Nvec_vc1.1:NC_064035.1
HG003351	ALG004	Emue:scaffold_0004 Cgig:NC_047567.1 Nvec_vc1.1:NC_064035.1
HG003355	ALG004	Emue:scaffold_0004 Cgig:NC_047567.1 Nvec_vc1.1:NC_064035.1
HG003356	ALG004	Emue:scaffold_0004 Cgig:NC_047567.1 Nvec_vc1.1:NC_064035.1
HG003358	ALG004	Emue:scaffold_0004 Cgig:NC_047567.1 Nvec_vc1.1:NC_064035.1
HG003359	ALG004	Emue:scaffold_0004 Cgig:NC_047567.1 Nvec_vc1.1:NC_064035.1
HG003360	ALG004	Emue:scaffold_0004 Cgig:NC_047567.1 Nvec_vc1.1:NC_064035.1
HG003441	ALG004	Emue:scaffold_0004 Cgig:NC_047567.1 Nvec_vc1.1:NC_064035.1
HG003806	ALG004	Emue:scaffold_0004 Cgig:NC_047567.1 Nvec_vc1.1:NC_064035.1
HG003944	ALG004	Emue:scaffold_0004 Cgig:NC_047567.1 Nvec_vc1.1:NC_064035.1
HG003947	ALG004	Emue:scaffold_0004 Cgig:NC_047567.1 Nvec_vc1.1:NC_064035.1
HG003948	ALG004	Emue:scaffold_0004 Cgig:NC_047567.1 Nvec_vc1.1:NC_064035.1
HG003951	ALG004	Emue:scaffold_0004 Cgig:NC_047567.1 Nvec_vc1.1:NC_064035.1
HG003954	ALG004	Emue:scaffold_0004 Cgig:NC_047567.1 Nvec_vc1.1:NC_064035.1
HG004058	ALG004	Emue:scaffold_0004 Cgig:NC_047567.1 Nvec_vc1.1:NC_064035.1
HG004398	ALG004	Emue:scaffold_0004 Cgig:NC_047567.1 Nvec_vc1.1:NC_064035.1
HG004696	ALG004	Emue:scaffold_0004 Cgig:NC_047567.1 Nvec_vc1.1:NC_064035.1
HG004700	ALG004	Emue:scaffold_0004 Cgig:NC_047567.1 Nvec_vc1.1:NC_064035.1
HG004910	ALG004	Emue:scaffold_0004 Cgig:NC_047567.1 Nvec_vc1.1:NC_064035.1
HG001385	ALG005	Emue:scaffold_0005 Cgig:NC_047559.1 Nvec_vc1.1:NC_064044.1
HG001772	ALG005	Emue:scaffold_0005 Cgig:NC_047559.1 Nvec_vc1.1:NC_064044.1
HG002154	ALG005	Emue:scaffold_0005 Cgig:NC_047559.1 Nvec_vc1.1:NC_064044.1
HG002308	ALG005	Emue:scaffold_0005 Cgig:NC_047559.1 Nvec_vc1.1:NC_064044.1
HG002309	ALG005	Emue:scaffold_0005 Cgig:NC_047559.1 Nvec_vc1.1:NC_064044.1
HG002467	ALG005	Emue:scaffold_0005 Cgig:NC_047559.1 Nvec_vc1.1:NC_064044.1
HG002556	ALG005	Emue:scaffold_0005 Cgig:NC_047559.1 Nvec_vc1.1:NC_064044.1
HG002558	ALG005	Emue:scaffold_0005 Cgig:NC_047559.1 Nvec_vc1.1:NC_064044.1
HG002560	ALG005	Emue:scaffold_0005 Cgig:NC_047559.1 Nvec_vc1.1:NC_064044.1
HG002561	ALG005	Emue:scaffold_0005 Cgig:NC_047559.1 Nvec_vc1.1:NC_064044.1
HG002827	ALG005	Emue:scaffold_0005 Cgig:NC_047559.1 Nvec_vc1.1:NC_064044.1
HG002908	ALG005	Emue:scaffold_0005 Cgig:NC_047559.1 Nvec_vc1.1:NC_064044.1
HG002911	ALG005	Emue:scaffold_0005 Cgig:NC_047559.1 Nvec_vc1.1:NC_064044.1
HG002915	ALG005	Emue:scaffold_0005 Cgig:NC_047559.1 Nvec_vc1.1:NC_064044.1
HG002917	ALG005	Emue:scaffold_0005 Cgig:NC_047559.1 Nvec_vc1.1:NC_064044.1
HG002918	ALG005	Emue:scaffold_0005 Cgig:NC_047559.1 Nvec_vc1.1:NC_064044.1
HG002921	ALG005	Emue:scaffold_0005 Cgig:NC_047559.1 Nvec_vc1.1:NC_064044.1
HG002922	ALG005	Emue:scaffold_0005 Cgig:NC_047559.1 Nvec_vc1.1:NC_064044.1
HG002925	ALG005	Emue:scaffold_0005 Cgig:NC_047559.1 Nvec_vc1.1:NC_064044.1
HG002947	ALG005	Emue:scaffold_0005 Cgig:NC_047559.1 Nvec_vc1.1:NC_064044.1
HG003177	ALG005	Emue:scaffold_0005 Cgig:NC_047559.1 Nvec_vc1.1:NC_064044.1
HG003192	ALG005	Emue:scaffold_0005 Cgig:NC_047559.1 Nvec_vc1.1:NC_064044.1
HG003432	ALG005	Emue:scaffold_0005 Cgig:NC_047559.1 Nvec_vc1.1:NC_064044.1
HG003464	ALG005	Emue:scaffold_0005 Cgig:NC_047559.1 Nvec_vc1.1:NC_064044.1
HG003468	ALG005	Emue:scaffold_0005 Cgig:NC_047559.1 Nvec_vc1.1:NC_064044.1
HG003471	ALG005	Emue:scaffold_0005 Cgig:NC_047559.1 Nvec_vc1.1:NC_064044.1
HG003475	ALG005	Emue:scaffold_0005 Cgig:NC_047559.1 Nvec_vc1.1:NC_064044.1
HG003481	ALG005	Emue:scaffold_0005 Cgig:NC_047559.1 Nvec_vc1.1:NC_064044.1
HG003621	ALG005	Emue:scaffold_0005 Cgig:NC_047559.1 Nvec_vc1.1:NC_064044.1
HG004044	ALG005	Emue:scaffold_0005 Cgig:NC_047559.1 Nvec_vc1.1:NC_064044.1
HG004048	ALG005	Emue:scaffold_0005 Cgig:NC_047559.1 Nvec_vc1.1:NC_064044.1
HG004050	ALG005	Emue:scaffold_0005 Cgig:NC_047559.1 Nvec_vc1.1:NC_064044.1
HG004305	ALG005	Emue:scaffold_0005 Cgig:NC_047559.1 Nvec_vc1.1:NC_064044.1
HG004651	ALG005	Emue:scaffold_0005 Cgig:NC_047559.1 Nvec_vc1.1:NC_064044.1
HG004734	ALG005	Emue:scaffold_0005 Cgig:NC_047559.1 Nvec_vc1.1:NC_064044.1
HG004739	ALG005	Emue:scaffold_0005 Cgig:NC_047559.1 Nvec_vc1.1:NC_064044.1
HG004816	ALG005	Emue:scaffold_0005 Cgig:NC_047559.1 Nvec_vc1.1:NC_064044.1
HG004980	ALG005	Emue:scaffold_0005 Cgig:NC_047559.1 Nvec_vc1.1:NC_064044.1
HG000929	ALG006	Emue:scaffold_0006 Cgig:NC_047565.1 Nvec_vc1.1:NC_064042.1
HG001644	ALG006	Emue:scaffold_0006 Cgig:NC_047565.1 Nvec_vc1.1:NC_064042.1
HG001699	ALG006	Emue:scaffold_0006 Cgig:NC_047565.1 Nvec_vc1.1:NC_064042.1
HG001994	ALG006	Emue:scaffold_0006 Cgig:NC_047565.1 Nvec_vc1.1:NC_064042.1
HG002044	ALG006	Emue:scaffold_0006 Cgig:NC_047565.1 Nvec_vc1.1:NC_064042.1
HG002046	ALG006	Emue:scaffold_0006 Cgig:NC_047565.1 Nvec_vc1.1:NC_064042.1
HG002258	ALG006	Emue:scaffold_0006 Cgig:NC_047565.1 Nvec_vc1.1:NC_064042.1
HG002352	ALG006	Emue:scaffold_0006 Cgig:NC_047565.1 Nvec_vc1.1:NC_064042.1
HG002525	ALG006	Emue:scaffold_0006 Cgig:NC_047565.1 Nvec_vc1.1:NC_064042.1
HG002651	ALG006	Emue:scaffold_0006 Cgig:NC_047565.1 Nvec_vc1.1:NC_064042.1
HG002856	ALG006	Emue:scaffold_0006 Cgig:NC_047565.1 Nvec_vc1.1:NC_064042.1
HG003056	ALG006	Emue:scaffold_0006 Cgig:NC_047565.1 Nvec_vc1.1:NC_064042.1
HG003438	ALG006	Emue:scaffold_0006 Cgig:NC_047565.1 Nvec_vc1.1:NC_064042.1
HG003594	ALG006	Emue:scaffold_0006 Cgig:NC_047565.1 Nvec_vc1.1:NC_064042.1
HG004625	ALG006	Emue:scaffold_0006 Cgig:NC_047565.1 Nvec_vc1.1:NC_064042.1
HG005048	ALG006	Emue:scaffold_0006 Cgig:NC_047565.1 Nvec_vc1.1:NC_064042.1
HG001381	ALG007	Emue:scaffold_0007 Cgig:NC_047559.1 Nvec_vc1.1:NC_064035.1
HG001907	ALG007	Emue:scaffold_0007 Cgig:NC_047559.1 Nvec_vc1.1:NC_064035.1
HG001995	ALG007	Emue:scaffold_0007 Cgig:NC_047559.1 Nvec_vc1.1:NC_064035.1
HG002135	ALG007	Emue:scaffold_0007 Cgig:NC_047559.1 Nvec_vc1.1:NC_064035.1
HG002137	ALG007	Emue:scaffold_0007 Cgig:NC_047559.1 Nvec_vc1.1:NC_064035.1
HG002275	ALG007	Emue:scaffold_0007 Cgig:NC_047559.1 Nvec_vc1.1:NC_064035.1
HG002278	ALG007	Emue:scaffold_0007 Cgig:NC_047559.1 Nvec_vc1.1:NC_064035.1
HG002354	ALG007	Emue:scaffold_0007 Cgig:NC_047559.1 Nvec_vc1.1:NC_064035.1
HG002518	ALG007	Emue:scaffold_0007 Cgig:NC_047559.1 Nvec_vc1.1:NC_064035.1
HG002519	ALG007	Emue:scaffold_0007 Cgig:NC_047559.1 Nvec_vc1.1:NC_064035.1
HG002520	ALG007	Emue:scaffold_0007 Cgig:NC_047559.1 Nvec_vc1.1:NC_064035.1
HG002524	ALG007	Emue:scaffold_0007 Cgig:NC_047559.1 Nvec_vc1.1:NC_064035.1
HG002842	ALG007	Emue:scaffold_0007 Cgig:NC_047559.1 Nvec_vc1.1:NC_064035.1
HG003384	ALG007	Emue:scaffold_0007 Cgig:NC_047559.1 Nvec_vc1.1:NC_064035.1
HG003390	ALG007	Emue:scaffold_0007 Cgig:NC_047559.1 Nvec_vc1.1:NC_064035.1
HG003397	ALG007	Emue:scaffold_0007 Cgig:NC_047559.1 Nvec_vc1.1:NC_064035.1
HG003431	ALG007	Emue:scaffold_0007 Cgig:NC_047559.1 Nvec_vc1.1:NC_064035.1
HG003614	ALG007	Emue:scaffold_0007 Cgig:NC_047559.1 Nvec_vc1.1:NC_064035.1
HG003843	ALG007	Emue:scaffold_0007 Cgig:NC_047559.1 Nvec_vc1.1:NC_064035.1
HG003978	ALG007	Emue:scaffold_0007 Cgig:NC_047559.1 Nvec_vc1.1:NC_064035.1
HG003982	ALG007	Emue:scaffold_0007 Cgig:NC_047559.1 Nvec_vc1.1:NC_064035.1
HG004708	ALG007	Emue:scaffold_0007 Cgig:NC_047559.1 Nvec_vc1.1:NC_064035.1
HG004714	ALG007	Emue:scaffold_0007 Cgig:NC_047559.1 Nvec_vc1.1:NC_064035.1
HG004718	ALG007	Emue:scaffold_0007 Cgig:NC_047559.1 Nvec_vc1.1:NC_064035.1
HG001443	ALG008	Emue:scaffold_0008 Cgig:NC_047564.1 Nvec_vc1.1:NC_064036.1
HG001608	ALG008	Emue:scaffold_0008 Cgig:NC_047564.1 Nvec_vc1.1:NC_064036.1
HG001815	ALG008	Emue:scaffold_0008 Cgig:NC_047564.1 Nvec_vc1.1:NC_064036.1
HG001905	ALG008	Emue:scaffold_0008 Cgig:NC_047564.1 Nvec_vc1.1:NC_064036.1
HG002249	ALG008	Emue:scaffold_0008 Cgig:NC_047564.1 Nvec_vc1.1:NC_064036.1
HG002273	ALG008	Emue:scaffold_0008 Cgig:NC_047564.1 Nvec_vc1.1:NC_064036.1
HG002499	ALG008	Emue:scaffold_0008 Cgig:NC_047564.1 Nvec_vc1.1:NC_064036.1
HG002500	ALG008	Emue:scaffold_0008 Cgig:NC_047564.1 Nvec_vc1.1:NC_064036.1
HG002501	ALG008	Emue:scaffold_0008 Cgig:NC_047564.1 Nvec_vc1.1:NC_064036.1
HG002502	ALG008	Emue:scaffold_0008 Cgig:NC_047564.1 Nvec_vc1.1:NC_064036.1
HG002503	ALG008	Emue:scaffold_0008 Cgig:NC_047564.1 Nvec_vc1.1:NC_064036.1
HG002506	ALG008	Emue:scaffold_0008 Cgig:NC_047564.1 Nvec_vc1.1:NC_064036.1
HG002511	ALG008	Emue:scaffold_0008 Cgig:NC_047564.1 Nvec_vc1.1:NC_064036.1
HG002828	ALG008	Emue:scaffold_0008 Cgig:NC_047564.1 Nvec_vc1.1:NC_064036.1
HG002829	ALG008	Emue:scaffold_0008 Cgig:NC_047564.1 Nvec_vc1.1:NC_064036.1
HG002834	ALG008	Emue:scaffold_0008 Cgig:NC_047564.1 Nvec_vc1.1:NC_064036.1
HG002836	ALG008	Emue:scaffold_0008 Cgig:NC_047564.1 Nvec_vc1.1:NC_064036.1
HG002838	ALG008	Emue:scaffold_0008 Cgig:NC_047564.1 Nvec_vc1.1:NC_064036.1
HG002839	ALG008	Emue:scaffold_0008 Cgig:NC_047564.1 Nvec_vc1.1:NC_064036.1
HG002840	ALG008	Emue:scaffold_0008 Cgig:NC_047564.1 Nvec_vc1.1:NC_064036.1
HG003285	ALG008	Emue:scaffold_0008 Cgig:NC_047564.1 Nvec_vc1.1:NC_064036.1
HG003343	ALG008	Emue:scaffold_0008 Cgig:NC_047564.1 Nvec_vc1.1:NC_064036.1
HG003353	ALG008	Emue:scaffold_0008 Cgig:NC_047564.1 Nvec_vc1.1:NC_064036.1
HG003363	ALG008	Emue:scaffold_0008 Cgig:NC_047564.1 Nvec_vc1.1:NC_064036.1
HG003364	ALG008	Emue:scaffold_0008 Cgig:NC_047564.1 Nvec_vc1.1:NC_064036.1
HG003365	ALG008	Emue:scaffold_0008 Cgig:NC_047564.1 Nvec_vc1.1:NC_064036.1
HG003376	ALG008	Emue:scaffold_0008 Cgig:NC_047564.1 Nvec_vc1.1:NC_064036.1
HG003378	ALG008	Emue:scaffold_0008 Cgig:NC_047564.1 Nvec_vc1.1:NC_064036.1
HG003379	ALG008	Emue:scaffold_0008 Cgig:NC_047564.1 Nvec_vc1.1:NC_064036.1
HG003964	ALG008	Emue:scaffold_0008 Cgig:NC_047564.1 Nvec_vc1.1:NC_064036.1
HG003967	ALG008	Emue:scaffold_0008 Cgig:NC_047564.1 Nvec_vc1.1:NC_064036.1
HG003969	ALG008	Emue:scaffold_0008 Cgig:NC_047564.1 Nvec_vc1.1:NC_064036.1
HG004276	ALG008	Emue:scaffold_0008 Cgig:NC_047564.1 Nvec_vc1.1:NC_064036.1
HG004413	ALG008	Emue:scaffold_0008 Cgig:NC_047564.1 Nvec_vc1.1:NC_064036.1
HG004415	ALG008	Emue:scaffold_0008 Cgig:NC_047564.1 Nvec_vc1.1:NC_064036.1
HG004417	ALG008	Emue:scaffold_0008 Cgig:NC_047564.1 Nvec_vc1.1:NC_064036.1
HG004419	ALG008	Emue:scaffold_0008 Cgig:NC_047564.1 Nvec_vc1.1:NC_064036.1
HG004421	ALG008	Emue:scaffold_0008 Cgig:NC_047564.1 Nvec_vc1.1:NC_064036.1
HG004972	ALG008	Emue:scaffold_0008 Cgig:NC_047564.1 Nvec_vc1.1:NC_064036.1
HG001331	ALG009	Emue:scaffold_0009 Cgig:NC_047561.1 Nvec_vc1.1:NC_064038.1
HG001632	ALG009	Emue:scaffold_0009 Cgig:NC_047561.1 Nvec_vc1.1:NC_064038.1
HG002031	ALG009	Emue:scaffold_0009 Cgig:NC_047561.1 Nvec_vc1.1:NC_064038.1
HG002034	ALG009	Emue:scaffold_0009 Cgig:NC_047561.1 Nvec_vc1.1:NC_064038.1
HG002164	ALG009	Emue:scaffold_0009 Cgig:NC_047561.1 Nvec_vc1.1:NC_064038.1
HG002165	ALG009	Emue:scaffold_0009 Cgig:NC_047561.1 Nvec_vc1.1:NC_064038.1
HG002168	ALG009	Emue:scaffold_0009 Cgig:NC_047561.1 Nvec_vc1.1:NC_064038.1
HG002327	ALG009	Emue:scaffold_0009 Cgig:NC_047561.1 Nvec_vc1.1:NC_064038.1
HG002583	ALG009	Emue:scaffold_0009 Cgig:NC_047561.1 Nvec_vc1.1:NC_064038.1
HG002584	ALG009	Emue:scaffold_0009 Cgig:NC_047561.1 Nvec_vc1.1:NC_064038.1
HG002601	ALG009	Emue:scaffold_0009 Cgig:NC_047561.1 Nvec_vc1.1:NC_064038.1
HG002603	ALG009	Emue:scaffold_0009 Cgig:NC_047561.1 Nvec_vc1.1:NC_064038.1
HG002849	ALG009	Emue:scaffold_0009 Cgig:NC_047561.1 Nvec_vc1.1:NC_064038.1
HG002933	ALG009	Emue:scaffold_0009 Cgig:NC_047561.1 Nvec_vc1.1:NC_064038.1
HG002934	ALG009	Emue:scaffold_0009 Cgig:NC_047561.1 Nvec_vc1.1:NC_064038.1
HG002954	ALG009	Emue:scaffold_0009 Cgig:NC_047561.1 Nvec_vc1.1:NC_064038.1
HG002964	ALG009	Emue:scaffold_0009 Cgig:NC_047561.1 Nvec_vc1.1:NC_064038.1
HG002966	ALG009	Emue:scaffold_0009 Cgig:NC_047561.1 Nvec_vc1.1:NC_064038.1
HG002975	ALG009	Emue:scaffold_0009 Cgig:NC_047561.1 Nvec_vc1.1:NC_064038.1
HG002978	ALG009	Emue:scaffold_0009 Cgig:NC_047561.1 Nvec_vc1.1:NC_064038.1
HG002979	ALG009	Emue:scaffold_0009 Cgig:NC_047561.1 Nvec_vc1.1:NC_064038.1
HG002981	ALG009	Emue:scaffold_0009 Cgig:NC_047561.1 Nvec_vc1.1:NC_064038.1
HG002983	ALG009	Emue:scaffold_0009 Cgig:NC_047561.1 Nvec_vc1.1:NC_064038.1
HG002988	ALG009	Emue:scaffold_0009 Cgig:NC_047561.1 Nvec_vc1.1:NC_064038.1
HG002989	ALG009	Emue:scaffold_0009 Cgig:NC_047561.1 Nvec_vc1.1:NC_064038.1
HG002990	ALG009	Emue:scaffold_0009 Cgig:NC_047561.1 Nvec_vc1.1:NC_064038.1
HG002992	ALG009	Emue:scaffold_0009 Cgig:NC_047561.1 Nvec_vc1.1:NC_064038.1
HG002997	ALG009	Emue:scaffold_0009 Cgig:NC_047561.1 Nvec_vc1.1:NC_064038.1
HG002998	ALG009	Emue:scaffold_0009 Cgig:NC_047561.1 Nvec_vc1.1:NC_064038.1
HG002999	ALG009	Emue:scaffold_0009 Cgig:NC_047561.1 Nvec_vc1.1:NC_064038.1
HG003396	ALG009	Emue:scaffold_0009 Cgig:NC_047561.1 Nvec_vc1.1:NC_064038.1
HG003519	ALG009	Emue:scaffold_0009 Cgig:NC_047561.1 Nvec_vc1.1:NC_064038.1
HG003525	ALG009	Emue:scaffold_0009 Cgig:NC_047561.1 Nvec_vc1.1:NC_064038.1
HG003526	ALG009	Emue:scaffold_0009 Cgig:NC_047561.1 Nvec_vc1.1:NC_064038.1
HG003528	ALG009	Emue:scaffold_0009 Cgig:NC_047561.1 Nvec_vc1.1:NC_064038.1
HG003537	ALG009	Emue:scaffold_0009 Cgig:NC_047561.1 Nvec_vc1.1:NC_064038.1
HG003540	ALG009	Emue:scaffold_0009 Cgig:NC_047561.1 Nvec_vc1.1:NC_064038.1
HG003546	ALG009	Emue:scaffold_0009 Cgig:NC_047561.1 Nvec_vc1.1:NC_064038.1
HG003551	ALG009	Emue:scaffold_0009 Cgig:NC_047561.1 Nvec_vc1.1:NC_064038.1
HG003552	ALG009	Emue:scaffold_0009 Cgig:NC_047561.1 Nvec_vc1.1:NC_064038.1
HG003553	ALG009	Emue:scaffold_0009 Cgig:NC_047561.1 Nvec_vc1.1:NC_064038.1
HG003556	ALG009	Emue:scaffold_0009 Cgig:NC_047561.1 Nvec_vc1.1:NC_064038.1
HG003557	ALG009	Emue:scaffold_0009 Cgig:NC_047561.1 Nvec_vc1.1:NC_064038.1
HG003559	ALG009	Emue:scaffold_0009 Cgig:NC_047561.1 Nvec_vc1.1:NC_064038.1
HG003561	ALG009	Emue:scaffold_0009 Cgig:NC_047561.1 Nvec_vc1.1:NC_064038.1
HG003562	ALG009	Emue:scaffold_0009 Cgig:NC_047561.1 Nvec_vc1.1:NC_064038.1
HG003564	ALG009	Emue:scaffold_0009 Cgig:NC_047561.1 Nvec_vc1.1:NC_064038.1
HG003566	ALG009	Emue:scaffold_0009 Cgig:NC_047561.1 Nvec_vc1.1:NC_064038.1
HG003575	ALG009	Emue:scaffold_0009 Cgig:NC_047561.1 Nvec_vc1.1:NC_064038.1
HG003696	ALG009	Emue:scaffold_0009 Cgig:NC_047561.1 Nvec_vc1.1:NC_064038.1
HG004076	ALG009	Emue:scaffold_0009 Cgig:NC_047561.1 Nvec_vc1.1:NC_064038.1
HG004078	ALG009	Emue:scaffold_0009 Cgig:NC_047561.1 Nvec_vc1.1:NC_064038.1
HG004092	ALG009	Emue:scaffold_0009 Cgig:NC_047561.1 Nvec_vc1.1:NC_064038.1
HG004094	ALG009	Emue:scaffold_0009 Cgig:NC_047561.1 Nvec_vc1.1:NC_064038.1
HG004096	ALG009	Emue:scaffold_0009 Cgig:NC_047561.1 Nvec_vc1.1:NC_064038.1
HG004097	ALG009	Emue:scaffold_0009 Cgig:NC_047561.1 Nvec_vc1.1:NC_064038.1
HG004098	ALG009	Emue:scaffold_0009 Cgig:NC_047561.1 Nvec_vc1.1:NC_064038.1
HG004101	ALG009	Emue:scaffold_0009 Cgig:NC_047561.1 Nvec_vc1.1:NC_064038.1
HG004103	ALG009	Emue:scaffold_0009 Cgig:NC_047561.1 Nvec_vc1.1:NC_064038.1
HG004105	ALG009	Emue:scaffold_0009 Cgig:NC_047561.1 Nvec_vc1.1:NC_064038.1
HG004110	ALG009	Emue:scaffold_0009 Cgig:NC_047561.1 Nvec_vc1.1:NC_064038.1
HG004294	ALG009	Emue:scaffold_0009 Cgig:NC_047561.1 Nvec_vc1.1:NC_064038.1
HG004333	ALG009	Emue:scaffold_0009 Cgig:NC_047561.1 Nvec_vc1.1:NC_064038.1
HG004499	ALG009	Emue:scaffold_0009 Cgig:NC_047561.1 Nvec_vc1.1:NC_064038.1
HG004504	ALG009	Emue:scaffold_0009 Cgig:NC_047561.1 Nvec_vc1.1:NC_064038.1
HG004512	ALG009	Emue:scaffold_0009 Cgig:NC_047561.1 Nvec_vc1.1:NC_064038.1
HG004516	ALG009	Emue:scaffold_0009 Cgig:NC_047561.1 Nvec_vc1.1:NC_064038.1
HG004517	ALG009	Emue:scaffold_0009 Cgig:NC_047561.1 Nvec_vc1.1:NC_064038.1
HG004652	ALG009	Emue:scaffold_0009 Cgig:NC_047561.1 Nvec_vc1.1:NC_064038.1
HG004758	ALG009	Emue:scaffold_0009 Cgig:NC_047561.1 Nvec_vc1.1:NC_064038.1
HG004887	ALG009	Emue:scaffold_0009 Cgig:NC_047561.1 Nvec_vc1.1:NC_064038.1
HG005021	ALG009	Emue:scaffold_0009 Cgig:NC_047561.1 Nvec_vc1.1:NC_064038.1
HG005827	ALG009	Emue:scaffold_0009 Cgig:NC_047561.1 Nvec_vc1.1:NC_064038.1
HG001254	ALG010	Emue:scaffold_0010 Cgig:NC_047560.1 Nvec_vc1.1:NC_064036.1
HG002024	ALG010	Emue:scaffold_0010 Cgig:NC_047560.1 Nvec_vc1.1:NC_064036.1
HG002150	ALG010	Emue:scaffold_0010 Cgig:NC_047560.1 Nvec_vc1.1:NC_064036.1
HG002161	ALG010	Emue:scaffold_0010 Cgig:NC_047560.1 Nvec_vc1.1:NC_064036.1
HG002314	ALG010	Emue:scaffold_0010 Cgig:NC_047560.1 Nvec_vc1.1:NC_064036.1
HG002316	ALG010	Emue:scaffold_0010 Cgig:NC_047560.1 Nvec_vc1.1:NC_064036.1
HG002318	ALG010	Emue:scaffold_0010 Cgig:NC_047560.1 Nvec_vc1.1:NC_064036.1
HG002576	ALG010	Emue:scaffold_0010 Cgig:NC_047560.1 Nvec_vc1.1:NC_064036.1
HG002578	ALG010	Emue:scaffold_0010 Cgig:NC_047560.1 Nvec_vc1.1:NC_064036.1
HG002581	ALG010	Emue:scaffold_0010 Cgig:NC_047560.1 Nvec_vc1.1:NC_064036.1
HG002943	ALG010	Emue:scaffold_0010 Cgig:NC_047560.1 Nvec_vc1.1:NC_064036.1
HG002945	ALG010	Emue:scaffold_0010 Cgig:NC_047560.1 Nvec_vc1.1:NC_064036.1
HG002949	ALG010	Emue:scaffold_0010 Cgig:NC_047560.1 Nvec_vc1.1:NC_064036.1
HG002950	ALG010	Emue:scaffold_0010 Cgig:NC_047560.1 Nvec_vc1.1:NC_064036.1
HG002951	ALG010	Emue:scaffold_0010 Cgig:NC_047560.1 Nvec_vc1.1:NC_064036.1
HG003511	ALG010	Emue:scaffold_0010 Cgig:NC_047560.1 Nvec_vc1.1:NC_064036.1
HG003518	ALG010	Emue:scaffold_0010 Cgig:NC_047560.1 Nvec_vc1.1:NC_064036.1
HG004069	ALG010	Emue:scaffold_0010 Cgig:NC_047560.1 Nvec_vc1.1:NC_064036.1
HG004073	ALG010	Emue:scaffold_0010 Cgig:NC_047560.1 Nvec_vc1.1:NC_064036.1
HG004075	ALG010	Emue:scaffold_0010 Cgig:NC_047560.1 Nvec_vc1.1:NC_064036.1
HG001080	ALG011	Emue:scaffold_0011 Cgig:NC_047568.1 Nvec_vc1.1:NC_064034.1
HG001179	ALG011	Emue:scaffold_0011 Cgig:NC_047568.1 Nvec_vc1.1:NC_064034.1
HG001282	ALG011	Emue:scaffold_0011 Cgig:NC_047568.1 Nvec_vc1.1:NC_064034.1
HG001552	ALG011	Emue:scaffold_0011 Cgig:NC_047568.1 Nvec_vc1.1:NC_064034.1
HG001553	ALG011	Emue:scaffold_0011 Cgig:NC_047568.1 Nvec_vc1.1:NC_064034.1
HG001999	ALG011	Emue:scaffold_0011 Cgig:NC_047568.1 Nvec_vc1.1:NC_064034.1
HG002011	ALG011	Emue:scaffold_0011 Cgig:NC_047568.1 Nvec_vc1.1:NC_064034.1
HG002142	ALG011	Emue:scaffold_0011 Cgig:NC_047568.1 Nvec_vc1.1:NC_064034.1
HG002159	ALG011	Emue:scaffold_0011 Cgig:NC_047568.1 Nvec_vc1.1:NC_064034.1
HG002282	ALG011	Emue:scaffold_0011 Cgig:NC_047568.1 Nvec_vc1.1:NC_064034.1
HG002526	ALG011	Emue:scaffold_0011 Cgig:NC_047568.1 Nvec_vc1.1:NC_064034.1
HG002528	ALG011	Emue:scaffold_0011 Cgig:NC_047568.1 Nvec_vc1.1:NC_064034.1
HG002530	ALG011	Emue:scaffold_0011 Cgig:NC_047568.1 Nvec_vc1.1:NC_064034.1
HG002534	ALG011	Emue:scaffold_0011 Cgig:NC_047568.1 Nvec_vc1.1:NC_064034.1
HG002602	ALG011	Emue:scaffold_0011 Cgig:NC_047568.1 Nvec_vc1.1:NC_064034.1
HG002693	ALG011	Emue:scaffold_0011 Cgig:NC_047568.1 Nvec_vc1.1:NC_064034.1
HG002852	ALG011	Emue:scaffold_0011 Cgig:NC_047568.1 Nvec_vc1.1:NC_064034.1
HG002854	ALG011	Emue:scaffold_0011 Cgig:NC_047568.1 Nvec_vc1.1:NC_064034.1
HG002855	ALG011	Emue:scaffold_0011 Cgig:NC_047568.1 Nvec_vc1.1:NC_064034.1
HG002858	ALG011	Emue:scaffold_0011 Cgig:NC_047568.1 Nvec_vc1.1:NC_064034.1
HG002859	ALG011	Emue:scaffold_0011 Cgig:NC_047568.1 Nvec_vc1.1:NC_064034.1
HG002862	ALG011	Emue:scaffold_0011 Cgig:NC_047568.1 Nvec_vc1.1:NC_064034.1
HG002863	ALG011	Emue:scaffold_0011 Cgig:NC_047568.1 Nvec_vc1.1:NC_064034.1
HG002865	ALG011	Emue:scaffold_0011 Cgig:NC_047568.1 Nvec_vc1.1:NC_064034.1
HG002867	ALG011	Emue:scaffold_0011 Cgig:NC_047568.1 Nvec_vc1.1:NC_064034.1
HG002870	ALG011	Emue:scaffold_0011 Cgig:NC_047568.1 Nvec_vc1.1:NC_064034.1
HG002944	ALG011	Emue:scaffold_0011 Cgig:NC_047568.1 Nvec_vc1.1:NC_064034.1
HG003346	ALG011	Emue:scaffold_0011 Cgig:NC_047568.1 Nvec_vc1.1:NC_064034.1
HG003401	ALG011	Emue:scaffold_0011 Cgig:NC_047568.1 Nvec_vc1.1:NC_064034.1
HG003403	ALG011	Emue:scaffold_0011 Cgig:NC_047568.1 Nvec_vc1.1:NC_064034.1
HG003404	ALG011	Emue:scaffold_0011 Cgig:NC_047568.1 Nvec_vc1.1:NC_064034.1
HG003405	ALG011	Emue:scaffold_0011 Cgig:NC_047568.1 Nvec_vc1.1:NC_064034.1
HG003406	ALG011	Emue:scaffold_0011 Cgig:NC_047568.1 Nvec_vc1.1:NC_064034.1
HG003409	ALG011	Emue:scaffold_0011 Cgig:NC_047568.1 Nvec_vc1.1:NC_064034.1
HG003411	ALG011	Emue:scaffold_0011 Cgig:NC_047568.1 Nvec_vc1.1:NC_064034.1
HG003412	ALG011	Emue:scaffold_0011 Cgig:NC_047568.1 Nvec_vc1.1:NC_064034.1
HG003415	ALG011	Emue:scaffold_0011 Cgig:NC_047568.1 Nvec_vc1.1:NC_064034.1
HG003417	ALG011	Emue:scaffold_0011 Cgig:NC_047568.1 Nvec_vc1.1:NC_064034.1
HG003418	ALG011	Emue:scaffold_0011 Cgig:NC_047568.1 Nvec_vc1.1:NC_064034.1
HG003419	ALG011	Emue:scaffold_0011 Cgig:NC_047568.1 Nvec_vc1.1:NC_064034.1
HG003421	ALG011	Emue:scaffold_0011 Cgig:NC_047568.1 Nvec_vc1.1:NC_064034.1
HG003422	ALG011	Emue:scaffold_0011 Cgig:NC_047568.1 Nvec_vc1.1:NC_064034.1
HG003425	ALG011	Emue:scaffold_0011 Cgig:NC_047568.1 Nvec_vc1.1:NC_064034.1
HG003426	ALG011	Emue:scaffold_0011 Cgig:NC_047568.1 Nvec_vc1.1:NC_064034.1
HG003446	ALG011	Emue:scaffold_0011 Cgig:NC_047568.1 Nvec_vc1.1:NC_064034.1
HG003576	ALG011	Emue:scaffold_0011 Cgig:NC_047568.1 Nvec_vc1.1:NC_064034.1
HG003606	ALG011	Emue:scaffold_0011 Cgig:NC_047568.1 Nvec_vc1.1:NC_064034.1
HG003659	ALG011	Emue:scaffold_0011 Cgig:NC_047568.1 Nvec_vc1.1:NC_064034.1
HG003987	ALG011	Emue:scaffold_0011 Cgig:NC_047568.1 Nvec_vc1.1:NC_064034.1
HG003988	ALG011	Emue:scaffold_0011 Cgig:NC_047568.1 Nvec_vc1.1:NC_064034.1
HG003992	ALG011	Emue:scaffold_0011 Cgig:NC_047568.1 Nvec_vc1.1:NC_064034.1
HG003994	ALG011	Emue:scaffold_0011 Cgig:NC_047568.1 Nvec_vc1.1:NC_064034.1
HG003998	ALG011	Emue:scaffold_0011 Cgig:NC_047568.1 Nvec_vc1.1:NC_064034.1
HG003999	ALG011	Emue:scaffold_0011 Cgig:NC_047568.1 Nvec_vc1.1:NC_064034.1
HG004001	ALG011	Emue:scaffold_0011 Cgig:NC_047568.1 Nvec_vc1.1:NC_064034.1
HG004002	ALG011	Emue:scaffold_0011 Cgig:NC_047568.1 Nvec_vc1.1:NC_064034.1
HG004005	ALG011	Emue:scaffold_0011 Cgig:NC_047568.1 Nvec_vc1.1:NC_064034.1
HG004144	ALG011	Emue:scaffold_0011 Cgig:NC_047568.1 Nvec_vc1.1:NC_064034.1
HG004435	ALG011	Emue:scaffold_0011 Cgig:NC_047568.1 Nvec_vc1.1:NC_064034.1
HG004438	ALG011	Emue:scaffold_0011 Cgig:NC_047568.1 Nvec_vc1.1:NC_064034.1
HG004440	ALG011	Emue:scaffold_0011 Cgig:NC_047568.1 Nvec_vc1.1:NC_064034.1
HG004445	ALG011	Emue:scaffold_0011 Cgig:NC_047568.1 Nvec_vc1.1:NC_064034.1
HG004448	ALG011	Emue:scaffold_0011 Cgig:NC_047568.1 Nvec_vc1.1:NC_064034.1
HG004657	ALG011	Emue:scaffold_0011 Cgig:NC_047568.1 Nvec_vc1.1:NC_064034.1
HG004720	ALG011	Emue:scaffold_0011 Cgig:NC_047568.1 Nvec_vc1.1:NC_064034.1
HG005309	ALG011	Emue:scaffold_0011 Cgig:NC_047568.1 Nvec_vc1.1:NC_064034.1
HG001471	ALG012	Emue:scaffold_0012 Cgig:NC_047565.1 Nvec_vc1.1:NC_064035.1
HG001828	ALG012	Emue:scaffold_0012 Cgig:NC_047565.1 Nvec_vc1.1:NC_064035.1
HG002018	ALG012	Emue:scaffold_0012 Cgig:NC_047565.1 Nvec_vc1.1:NC_064035.1
HG002312	ALG012	Emue:scaffold_0012 Cgig:NC_047565.1 Nvec_vc1.1:NC_064035.1
HG002532	ALG012	Emue:scaffold_0012 Cgig:NC_047565.1 Nvec_vc1.1:NC_064035.1
HG002566	ALG012	Emue:scaffold_0012 Cgig:NC_047565.1 Nvec_vc1.1:NC_064035.1
HG002567	ALG012	Emue:scaffold_0012 Cgig:NC_047565.1 Nvec_vc1.1:NC_064035.1
HG002568	ALG012	Emue:scaffold_0012 Cgig:NC_047565.1 Nvec_vc1.1:NC_064035.1
HG002923	ALG012	Emue:scaffold_0012 Cgig:NC_047565.1 Nvec_vc1.1:NC_064035.1
HG002924	ALG012	Emue:scaffold_0012 Cgig:NC_047565.1 Nvec_vc1.1:NC_064035.1
HG002928	ALG012	Emue:scaffold_0012 Cgig:NC_047565.1 Nvec_vc1.1:NC_064035.1
HG003484	ALG012	Emue:scaffold_0012 Cgig:NC_047565.1 Nvec_vc1.1:NC_064035.1
HG003487	ALG012	Emue:scaffold_0012 Cgig:NC_047565.1 Nvec_vc1.1:NC_064035.1
HG003490	ALG012	Emue:scaffold_0012 Cgig:NC_047565.1 Nvec_vc1.1:NC_064035.1
HG003491	ALG012	Emue:scaffold_0012 Cgig:NC_047565.1 Nvec_vc1.1:NC_064035.1
HG003492	ALG012	Emue:scaffold_0012 Cgig:NC_047565.1 Nvec_vc1.1:NC_064035.1
HG003493	ALG012	Emue:scaffold_0012 Cgig:NC_047565.1 Nvec_vc1.1:NC_064035.1
HG003494	ALG012	Emue:scaffold_0012 Cgig:NC_047565.1 Nvec_vc1.1:NC_064035.1
HG003495	ALG012	Emue:scaffold_0012 Cgig:NC_047565.1 Nvec_vc1.1:NC_064035.1
HG004052	ALG012	Emue:scaffold_0012 Cgig:NC_047565.1 Nvec_vc1.1:NC_064035.1
HG004477	ALG012	Emue:scaffold_0012 Cgig:NC_047565.1 Nvec_vc1.1:NC_064035.1
HG004742	ALG012	Emue:scaffold_0012 Cgig:NC_047565.1 Nvec_vc1.1:NC_064035.1
HG001059	ALG013	Emue:scaffold_0013 Cgig:NC_047562.1 Nvec_vc1.1:NC_064039.1
HG001265	ALG013	Emue:scaffold_0013 Cgig:NC_047562.1 Nvec_vc1.1:NC_064039.1
HG001637	ALG013	Emue:scaffold_0013 Cgig:NC_047562.1 Nvec_vc1.1:NC_064039.1
HG001640	ALG013	Emue:scaffold_0013 Cgig:NC_047562.1 Nvec_vc1.1:NC_064039.1
HG001704	ALG013	Emue:scaffold_0013 Cgig:NC_047562.1 Nvec_vc1.1:NC_064039.1
HG001784	ALG013	Emue:scaffold_0013 Cgig:NC_047562.1 Nvec_vc1.1:NC_064039.1
HG001932	ALG013	Emue:scaffold_0013 Cgig:NC_047562.1 Nvec_vc1.1:NC_064039.1
HG001973	ALG013	Emue:scaffold_0013 Cgig:NC_047562.1 Nvec_vc1.1:NC_064039.1
HG002070	ALG013	Emue:scaffold_0013 Cgig:NC_047562.1 Nvec_vc1.1:NC_064039.1
HG002094	ALG013	Emue:scaffold_0013 Cgig:NC_047562.1 Nvec_vc1.1:NC_064039.1
HG002113	ALG013	Emue:scaffold_0013 Cgig:NC_047562.1 Nvec_vc1.1:NC_064039.1
HG002126	ALG013	Emue:scaffold_0013 Cgig:NC_047562.1 Nvec_vc1.1:NC_064039.1
HG002151	ALG013	Emue:scaffold_0013 Cgig:NC_047562.1 Nvec_vc1.1:NC_064039.1
HG002176	ALG013	Emue:scaffold_0013 Cgig:NC_047562.1 Nvec_vc1.1:NC_064039.1
HG002324	ALG013	Emue:scaffold_0013 Cgig:NC_047562.1 Nvec_vc1.1:NC_064039.1
HG002329	ALG013	Emue:scaffold_0013 Cgig:NC_047562.1 Nvec_vc1.1:NC_064039.1
HG002336	ALG013	Emue:scaffold_0013 Cgig:NC_047562.1 Nvec_vc1.1:NC_064039.1
HG002337	ALG013	Emue:scaffold_0013 Cgig:NC_047562.1 Nvec_vc1.1:NC_064039.1
HG002340	ALG013	Emue:scaffold_0013 Cgig:NC_047562.1 Nvec_vc1.1:NC_064039.1
HG002341	ALG013	Emue:scaffold_0013 Cgig:NC_047562.1 Nvec_vc1.1:NC_064039.1
HG002343	ALG013	Emue:scaffold_0013 Cgig:NC_047562.1 Nvec_vc1.1:NC_064039.1
HG002344	ALG013	Emue:scaffold_0013 Cgig:NC_047562.1 Nvec_vc1.1:NC_064039.1
HG002615	ALG013	Emue:scaffold_0013 Cgig:NC_047562.1 Nvec_vc1.1:NC_064039.1
HG002618	ALG013	Emue:scaffold_0013 Cgig:NC_047562.1 Nvec_vc1.1:NC_064039.1
HG002622	ALG013	Emue:scaffold_0013 Cgig:NC_047562.1 Nvec_vc1.1:NC_064039.1
HG002623	ALG013	Emue:scaffold_0013 Cgig:NC_047562.1 Nvec_vc1.1:NC_064039.1
HG002625	ALG013	Emue:scaffold_0013 Cgig:NC_047562.1 Nvec_vc1.1:NC_064039.1
HG002626	ALG013	Emue:scaffold_0013 Cgig:NC_047562.1 Nvec_vc1.1:NC_064039.1
HG002627	ALG013	Emue:scaffold_0013 Cgig:NC_047562.1 Nvec_vc1.1:NC_064039.1
HG002729	ALG013	Emue:scaffold_0013 Cgig:NC_047562.1 Nvec_vc1.1:NC_064039.1
HG002904	ALG013	Emue:scaffold_0013 Cgig:NC_047562.1 Nvec_vc1.1:NC_064039.1
HG002960	ALG013	Emue:scaffold_0013 Cgig:NC_047562.1 Nvec_vc1.1:NC_064039.1
HG003003	ALG013	Emue:scaffold_0013 Cgig:NC_047562.1 Nvec_vc1.1:NC_064039.1
HG003009	ALG013	Emue:scaffold_0013 Cgig:NC_047562.1 Nvec_vc1.1:NC_064039.1
HG003010	ALG013	Emue:scaffold_0013 Cgig:NC_047562.1 Nvec_vc1.1:NC_064039.1
HG003011	ALG013	Emue:scaffold_0013 Cgig:NC_047562.1 Nvec_vc1.1:NC_064039.1
HG003012	ALG013	Emue:scaffold_0013 Cgig:NC_047562.1 Nvec_vc1.1:NC_064039.1
HG003013	ALG013	Emue:scaffold_0013 Cgig:NC_047562.1 Nvec_vc1.1:NC_064039.1
HG003015	ALG013	Emue:scaffold_0013 Cgig:NC_047562.1 Nvec_vc1.1:NC_064039.1
HG003016	ALG013	Emue:scaffold_0013 Cgig:NC_047562.1 Nvec_vc1.1:NC_064039.1
HG003187	ALG013	Emue:scaffold_0013 Cgig:NC_047562.1 Nvec_vc1.1:NC_064039.1
HG003541	ALG013	Emue:scaffold_0013 Cgig:NC_047562.1 Nvec_vc1.1:NC_064039.1
HG003543	ALG013	Emue:scaffold_0013 Cgig:NC_047562.1 Nvec_vc1.1:NC_064039.1
HG003579	ALG013	Emue:scaffold_0013 Cgig:NC_047562.1 Nvec_vc1.1:NC_064039.1
HG003592	ALG013	Emue:scaffold_0013 Cgig:NC_047562.1 Nvec_vc1.1:NC_064039.1
HG003593	ALG013	Emue:scaffold_0013 Cgig:NC_047562.1 Nvec_vc1.1:NC_064039.1
HG003595	ALG013	Emue:scaffold_0013 Cgig:NC_047562.1 Nvec_vc1.1:NC_064039.1
HG003598	ALG013	Emue:scaffold_0013 Cgig:NC_047562.1 Nvec_vc1.1:NC_064039.1
HG003601	ALG013	Emue:scaffold_0013 Cgig:NC_047562.1 Nvec_vc1.1:NC_064039.1
HG003603	ALG013	Emue:scaffold_0013 Cgig:NC_047562.1 Nvec_vc1.1:NC_064039.1
HG003607	ALG013	Emue:scaffold_0013 Cgig:NC_047562.1 Nvec_vc1.1:NC_064039.1
HG003608	ALG013	Emue:scaffold_0013 Cgig:NC_047562.1 Nvec_vc1.1:NC_064039.1
HG003609	ALG013	Emue:scaffold_0013 Cgig:NC_047562.1 Nvec_vc1.1:NC_064039.1
HG003610	ALG013	Emue:scaffold_0013 Cgig:NC_047562.1 Nvec_vc1.1:NC_064039.1
HG003611	ALG013	Emue:scaffold_0013 Cgig:NC_047562.1 Nvec_vc1.1:NC_064039.1
HG003612	ALG013	Emue:scaffold_0013 Cgig:NC_047562.1 Nvec_vc1.1:NC_064039.1
HG003642	ALG013	Emue:scaffold_0013 Cgig:NC_047562.1 Nvec_vc1.1:NC_064039.1
HG003837	ALG013	Emue:scaffold_0013 Cgig:NC_047562.1 Nvec_vc1.1:NC_064039.1
HG004120	ALG013	Emue:scaffold_0013 Cgig:NC_047562.1 Nvec_vc1.1:NC_064039.1
HG004121	ALG013	Emue:scaffold_0013 Cgig:NC_047562.1 Nvec_vc1.1:NC_064039.1
HG004125	ALG013	Emue:scaffold_0013 Cgig:NC_047562.1 Nvec_vc1.1:NC_064039.1
HG004127	ALG013	Emue:scaffold_0013 Cgig:NC_047562.1 Nvec_vc1.1:NC_064039.1
HG004131	ALG013	Emue:scaffold_0013 Cgig:NC_047562.1 Nvec_vc1.1:NC_064039.1
HG004134	ALG013	Emue:scaffold_0013 Cgig:NC_047562.1 Nvec_vc1.1:NC_064039.1
HG004334	ALG013	Emue:scaffold_0013 Cgig:NC_047562.1 Nvec_vc1.1:NC_064039.1
HG004335	ALG013	Emue:scaffold_0013 Cgig:NC_047562.1 Nvec_vc1.1:NC_064039.1
HG004534	ALG013	Emue:scaffold_0013 Cgig:NC_047562.1 Nvec_vc1.1:NC_064039.1
HG000965	ALG014	Emue:scaffold_0014 Cgig:NC_047566.1 Nvec_vc1.1:NC_064043.1
HG002056	ALG014	Emue:scaffold_0014 Cgig:NC_047566.1 Nvec_vc1.1:NC_064043.1
HG002313	ALG014	Emue:scaffold_0014 Cgig:NC_047566.1 Nvec_vc1.1:NC_064043.1
HG002661	ALG014	Emue:scaffold_0014 Cgig:NC_047566.1 Nvec_vc1.1:NC_064043.1
HG002798	ALG014	Emue:scaffold_0014 Cgig:NC_047566.1 Nvec_vc1.1:NC_064043.1
HG003072	ALG014	Emue:scaffold_0014 Cgig:NC_047566.1 Nvec_vc1.1:NC_064043.1
HG003686	ALG014	Emue:scaffold_0014 Cgig:NC_047566.1 Nvec_vc1.1:NC_064043.1
HG004189	ALG014	Emue:scaffold_0014 Cgig:NC_047566.1 Nvec_vc1.1:NC_064043.1
HG004199	ALG014	Emue:scaffold_0014 Cgig:NC_047566.1 Nvec_vc1.1:NC_064043.1
HG004329	ALG014	Emue:scaffold_0014 Cgig:NC_047566.1 Nvec_vc1.1:NC_064043.1
HG004501	ALG014	Emue:scaffold_0014 Cgig:NC_047566.1 Nvec_vc1.1:NC_064043.1
HG004803	ALG014	Emue:scaffold_0014 Cgig:NC_047566.1 Nvec_vc1.1:NC_064043.1
HG004809	ALG014	Emue:scaffold_0014 Cgig:NC_047566.1 Nvec_vc1.1:NC_064043.1
HG001075	ALG015	Emue:scaffold_0015 Cgig:NC_047564.1 Nvec_vc1.1:NC_064037.1
HG001110	ALG015	Emue:scaffold_0015 Cgig:NC_047564.1 Nvec_vc1.1:NC_064037.1
HG001165	ALG015	Emue:scaffold_0015 Cgig:NC_047564.1 Nvec_vc1.1:NC_064037.1
HG001439	ALG015	Emue:scaffold_0015 Cgig:NC_047564.1 Nvec_vc1.1:NC_064037.1
HG001527	ALG015	Emue:scaffold_0015 Cgig:NC_047564.1 Nvec_vc1.1:NC_064037.1
HG001604	ALG015	Emue:scaffold_0015 Cgig:NC_047564.1 Nvec_vc1.1:NC_064037.1
HG001812	ALG015	Emue:scaffold_0015 Cgig:NC_047564.1 Nvec_vc1.1:NC_064037.1
HG002102	ALG015	Emue:scaffold_0015 Cgig:NC_047564.1 Nvec_vc1.1:NC_064037.1
HG002104	ALG015	Emue:scaffold_0015 Cgig:NC_047564.1 Nvec_vc1.1:NC_064037.1
HG002110	ALG015	Emue:scaffold_0015 Cgig:NC_047564.1 Nvec_vc1.1:NC_064037.1
HG002112	ALG015	Emue:scaffold_0015 Cgig:NC_047564.1 Nvec_vc1.1:NC_064037.1
HG002118	ALG015	Emue:scaffold_0015 Cgig:NC_047564.1 Nvec_vc1.1:NC_064037.1
HG002119	ALG015	Emue:scaffold_0015 Cgig:NC_047564.1 Nvec_vc1.1:NC_064037.1
HG002120	ALG015	Emue:scaffold_0015 Cgig:NC_047564.1 Nvec_vc1.1:NC_064037.1
HG002121	ALG015	Emue:scaffold_0015 Cgig:NC_047564.1 Nvec_vc1.1:NC_064037.1
HG002252	ALG015	Emue:scaffold_0015 Cgig:NC_047564.1 Nvec_vc1.1:NC_064037.1
HG002253	ALG015	Emue:scaffold_0015 Cgig:NC_047564.1 Nvec_vc1.1:NC_064037.1
HG002257	ALG015	Emue:scaffold_0015 Cgig:NC_047564.1 Nvec_vc1.1:NC_064037.1
HG002360	ALG015	Emue:scaffold_0015 Cgig:NC_047564.1 Nvec_vc1.1:NC_064037.1
HG002471	ALG015	Emue:scaffold_0015 Cgig:NC_047564.1 Nvec_vc1.1:NC_064037.1
HG002472	ALG015	Emue:scaffold_0015 Cgig:NC_047564.1 Nvec_vc1.1:NC_064037.1
HG002473	ALG015	Emue:scaffold_0015 Cgig:NC_047564.1 Nvec_vc1.1:NC_064037.1
HG002475	ALG015	Emue:scaffold_0015 Cgig:NC_047564.1 Nvec_vc1.1:NC_064037.1
HG002478	ALG015	Emue:scaffold_0015 Cgig:NC_047564.1 Nvec_vc1.1:NC_064037.1
HG002479	ALG015	Emue:scaffold_0015 Cgig:NC_047564.1 Nvec_vc1.1:NC_064037.1
HG002481	ALG015	Emue:scaffold_0015 Cgig:NC_047564.1 Nvec_vc1.1:NC_064037.1
HG002483	ALG015	Emue:scaffold_0015 Cgig:NC_047564.1 Nvec_vc1.1:NC_064037.1
HG002485	ALG015	Emue:scaffold_0015 Cgig:NC_047564.1 Nvec_vc1.1:NC_064037.1
HG002614	ALG015	Emue:scaffold_0015 Cgig:NC_047564.1 Nvec_vc1.1:NC_064037.1
HG002786	ALG015	Emue:scaffold_0015 Cgig:NC_047564.1 Nvec_vc1.1:NC_064037.1
HG002788	ALG015	Emue:scaffold_0015 Cgig:NC_047564.1 Nvec_vc1.1:NC_064037.1
HG002794	ALG015	Emue:scaffold_0015 Cgig:NC_047564.1 Nvec_vc1.1:NC_064037.1
HG002795	ALG015	Emue:scaffold_0015 Cgig:NC_047564.1 Nvec_vc1.1:NC_064037.1
HG002796	ALG015	Emue:scaffold_0015 Cgig:NC_047564.1 Nvec_vc1.1:NC_064037.1
HG002799	ALG015	Emue:scaffold_0015 Cgig:NC_047564.1 Nvec_vc1.1:NC_064037.1
HG002801	ALG015	Emue:scaffold_0015 Cgig:NC_047564.1 Nvec_vc1.1:NC_064037.1
HG002806	ALG015	Emue:scaffold_0015 Cgig:NC_047564.1 Nvec_vc1.1:NC_064037.1
HG002810	ALG015	Emue:scaffold_0015 Cgig:NC_047564.1 Nvec_vc1.1:NC_064037.1
HG002906	ALG015	Emue:scaffold_0015 Cgig:NC_047564.1 Nvec_vc1.1:NC_064037.1
HG002938	ALG015	Emue:scaffold_0015 Cgig:NC_047564.1 Nvec_vc1.1:NC_064037.1
HG003020	ALG015	Emue:scaffold_0015 Cgig:NC_047564.1 Nvec_vc1.1:NC_064037.1
HG003302	ALG015	Emue:scaffold_0015 Cgig:NC_047564.1 Nvec_vc1.1:NC_064037.1
HG003303	ALG015	Emue:scaffold_0015 Cgig:NC_047564.1 Nvec_vc1.1:NC_064037.1
HG003309	ALG015	Emue:scaffold_0015 Cgig:NC_047564.1 Nvec_vc1.1:NC_064037.1
HG003310	ALG015	Emue:scaffold_0015 Cgig:NC_047564.1 Nvec_vc1.1:NC_064037.1
HG003311	ALG015	Emue:scaffold_0015 Cgig:NC_047564.1 Nvec_vc1.1:NC_064037.1
HG003312	ALG015	Emue:scaffold_0015 Cgig:NC_047564.1 Nvec_vc1.1:NC_064037.1
HG003313	ALG015	Emue:scaffold_0015 Cgig:NC_047564.1 Nvec_vc1.1:NC_064037.1
HG003314	ALG015	Emue:scaffold_0015 Cgig:NC_047564.1 Nvec_vc1.1:NC_064037.1
HG003319	ALG015	Emue:scaffold_0015 Cgig:NC_047564.1 Nvec_vc1.1:NC_064037.1
HG003321	ALG015	Emue:scaffold_0015 Cgig:NC_047564.1 Nvec_vc1.1:NC_064037.1
HG003322	ALG015	Emue:scaffold_0015 Cgig:NC_047564.1 Nvec_vc1.1:NC_064037.1
HG003324	ALG015	Emue:scaffold_0015 Cgig:NC_047564.1 Nvec_vc1.1:NC_064037.1
HG003325	ALG015	Emue:scaffold_0015 Cgig:NC_047564.1 Nvec_vc1.1:NC_064037.1
HG003327	ALG015	Emue:scaffold_0015 Cgig:NC_047564.1 Nvec_vc1.1:NC_064037.1
HG003329	ALG015	Emue:scaffold_0015 Cgig:NC_047564.1 Nvec_vc1.1:NC_064037.1
HG003331	ALG015	Emue:scaffold_0015 Cgig:NC_047564.1 Nvec_vc1.1:NC_064037.1
HG003333	ALG015	Emue:scaffold_0015 Cgig:NC_047564.1 Nvec_vc1.1:NC_064037.1
HG003335	ALG015	Emue:scaffold_0015 Cgig:NC_047564.1 Nvec_vc1.1:NC_064037.1
HG003338	ALG015	Emue:scaffold_0015 Cgig:NC_047564.1 Nvec_vc1.1:NC_064037.1
HG003340	ALG015	Emue:scaffold_0015 Cgig:NC_047564.1 Nvec_vc1.1:NC_064037.1
HG003463	ALG015	Emue:scaffold_0015 Cgig:NC_047564.1 Nvec_vc1.1:NC_064037.1
HG003689	ALG015	Emue:scaffold_0015 Cgig:NC_047564.1 Nvec_vc1.1:NC_064037.1
HG003872	ALG015	Emue:scaffold_0015 Cgig:NC_047564.1 Nvec_vc1.1:NC_064037.1
HG003913	ALG015	Emue:scaffold_0015 Cgig:NC_047564.1 Nvec_vc1.1:NC_064037.1
HG003916	ALG015	Emue:scaffold_0015 Cgig:NC_047564.1 Nvec_vc1.1:NC_064037.1
HG003930	ALG015	Emue:scaffold_0015 Cgig:NC_047564.1 Nvec_vc1.1:NC_064037.1
HG003931	ALG015	Emue:scaffold_0015 Cgig:NC_047564.1 Nvec_vc1.1:NC_064037.1
HG003933	ALG015	Emue:scaffold_0015 Cgig:NC_047564.1 Nvec_vc1.1:NC_064037.1
HG003934	ALG015	Emue:scaffold_0015 Cgig:NC_047564.1 Nvec_vc1.1:NC_064037.1
HG003941	ALG015	Emue:scaffold_0015 Cgig:NC_047564.1 Nvec_vc1.1:NC_064037.1
HG004145	ALG015	Emue:scaffold_0015 Cgig:NC_047564.1 Nvec_vc1.1:NC_064037.1
HG004382	ALG015	Emue:scaffold_0015 Cgig:NC_047564.1 Nvec_vc1.1:NC_064037.1
HG004385	ALG015	Emue:scaffold_0015 Cgig:NC_047564.1 Nvec_vc1.1:NC_064037.1
HG004389	ALG015	Emue:scaffold_0015 Cgig:NC_047564.1 Nvec_vc1.1:NC_064037.1
HG004390	ALG015	Emue:scaffold_0015 Cgig:NC_047564.1 Nvec_vc1.1:NC_064037.1
HG004393	ALG015	Emue:scaffold_0015 Cgig:NC_047564.1 Nvec_vc1.1:NC_064037.1
HG004394	ALG015	Emue:scaffold_0015 Cgig:NC_047564.1 Nvec_vc1.1:NC_064037.1
HG004402	ALG015	Emue:scaffold_0015 Cgig:NC_047564.1 Nvec_vc1.1:NC_064037.1
HG004451	ALG015	Emue:scaffold_0015 Cgig:NC_047564.1 Nvec_vc1.1:NC_064037.1
HG004690	ALG015	Emue:scaffold_0015 Cgig:NC_047564.1 Nvec_vc1.1:NC_064037.1
HG004955	ALG015	Emue:scaffold_0015 Cgig:NC_047564.1 Nvec_vc1.1:NC_064037.1
HG004961	ALG015	Emue:scaffold_0015 Cgig:NC_047564.1 Nvec_vc1.1:NC_064037.1
HG001207	ALG016	Emue:scaffold_0016 Cgig:NC_047565.1 Nvec_vc1.1:NC_064041.1
HG001346	ALG016	Emue:scaffold_0016 Cgig:NC_047565.1 Nvec_vc1.1:NC_064041.1
HG001497	ALG016	Emue:scaffold_0016 Cgig:NC_047565.1 Nvec_vc1.1:NC_064041.1
HG001520	ALG016	Emue:scaffold_0016 Cgig:NC_047565.1 Nvec_vc1.1:NC_064041.1
HG001583	ALG016	Emue:scaffold_0016 Cgig:NC_047565.1 Nvec_vc1.1:NC_064041.1
HG001723	ALG016	Emue:scaffold_0016 Cgig:NC_047565.1 Nvec_vc1.1:NC_064041.1
HG001952	ALG016	Emue:scaffold_0016 Cgig:NC_047565.1 Nvec_vc1.1:NC_064041.1
HG002215	ALG016	Emue:scaffold_0016 Cgig:NC_047565.1 Nvec_vc1.1:NC_064041.1
HG002219	ALG016	Emue:scaffold_0016 Cgig:NC_047565.1 Nvec_vc1.1:NC_064041.1
HG002220	ALG016	Emue:scaffold_0016 Cgig:NC_047565.1 Nvec_vc1.1:NC_064041.1
HG002363	ALG016	Emue:scaffold_0016 Cgig:NC_047565.1 Nvec_vc1.1:NC_064041.1
HG002411	ALG016	Emue:scaffold_0016 Cgig:NC_047565.1 Nvec_vc1.1:NC_064041.1
HG002413	ALG016	Emue:scaffold_0016 Cgig:NC_047565.1 Nvec_vc1.1:NC_064041.1
HG002416	ALG016	Emue:scaffold_0016 Cgig:NC_047565.1 Nvec_vc1.1:NC_064041.1
HG002417	ALG016	Emue:scaffold_0016 Cgig:NC_047565.1 Nvec_vc1.1:NC_064041.1
HG002674	ALG016	Emue:scaffold_0016 Cgig:NC_047565.1 Nvec_vc1.1:NC_064041.1
HG002691	ALG016	Emue:scaffold_0016 Cgig:NC_047565.1 Nvec_vc1.1:NC_064041.1
HG002700	ALG016	Emue:scaffold_0016 Cgig:NC_047565.1 Nvec_vc1.1:NC_064041.1
HG002703	ALG016	Emue:scaffold_0016 Cgig:NC_047565.1 Nvec_vc1.1:NC_064041.1
HG002704	ALG016	Emue:scaffold_0016 Cgig:NC_047565.1 Nvec_vc1.1:NC_064041.1
HG002706	ALG016	Emue:scaffold_0016 Cgig:NC_047565.1 Nvec_vc1.1:NC_064041.1
HG002893	ALG016	Emue:scaffold_0016 Cgig:NC_047565.1 Nvec_vc1.1:NC_064041.1
HG002900	ALG016	Emue:scaffold_0016 Cgig:NC_047565.1 Nvec_vc1.1:NC_064041.1
HG003168	ALG016	Emue:scaffold_0016 Cgig:NC_047565.1 Nvec_vc1.1:NC_064041.1
HG003171	ALG016	Emue:scaffold_0016 Cgig:NC_047565.1 Nvec_vc1.1:NC_064041.1
HG003173	ALG016	Emue:scaffold_0016 Cgig:NC_047565.1 Nvec_vc1.1:NC_064041.1
HG003175	ALG016	Emue:scaffold_0016 Cgig:NC_047565.1 Nvec_vc1.1:NC_064041.1
HG003178	ALG016	Emue:scaffold_0016 Cgig:NC_047565.1 Nvec_vc1.1:NC_064041.1
HG003180	ALG016	Emue:scaffold_0016 Cgig:NC_047565.1 Nvec_vc1.1:NC_064041.1
HG003182	ALG016	Emue:scaffold_0016 Cgig:NC_047565.1 Nvec_vc1.1:NC_064041.1
HG003183	ALG016	Emue:scaffold_0016 Cgig:NC_047565.1 Nvec_vc1.1:NC_064041.1
HG003185	ALG016	Emue:scaffold_0016 Cgig:NC_047565.1 Nvec_vc1.1:NC_064041.1
HG003188	ALG016	Emue:scaffold_0016 Cgig:NC_047565.1 Nvec_vc1.1:NC_064041.1
HG003190	ALG016	Emue:scaffold_0016 Cgig:NC_047565.1 Nvec_vc1.1:NC_064041.1
HG003548	ALG016	Emue:scaffold_0016 Cgig:NC_047565.1 Nvec_vc1.1:NC_064041.1
HG003702	ALG016	Emue:scaffold_0016 Cgig:NC_047565.1 Nvec_vc1.1:NC_064041.1
HG003774	ALG016	Emue:scaffold_0016 Cgig:NC_047565.1 Nvec_vc1.1:NC_064041.1
HG003777	ALG016	Emue:scaffold_0016 Cgig:NC_047565.1 Nvec_vc1.1:NC_064041.1
HG003779	ALG016	Emue:scaffold_0016 Cgig:NC_047565.1 Nvec_vc1.1:NC_064041.1
HG003780	ALG016	Emue:scaffold_0016 Cgig:NC_047565.1 Nvec_vc1.1:NC_064041.1
HG003781	ALG016	Emue:scaffold_0016 Cgig:NC_047565.1 Nvec_vc1.1:NC_064041.1
HG003782	ALG016	Emue:scaffold_0016 Cgig:NC_047565.1 Nvec_vc1.1:NC_064041.1
HG003783	ALG016	Emue:scaffold_0016 Cgig:NC_047565.1 Nvec_vc1.1:NC_064041.1
HG003785	ALG016	Emue:scaffold_0016 Cgig:NC_047565.1 Nvec_vc1.1:NC_064041.1
HG003786	ALG016	Emue:scaffold_0016 Cgig:NC_047565.1 Nvec_vc1.1:NC_064041.1
HG003789	ALG016	Emue:scaffold_0016 Cgig:NC_047565.1 Nvec_vc1.1:NC_064041.1
HG003790	ALG016	Emue:scaffold_0016 Cgig:NC_047565.1 Nvec_vc1.1:NC_064041.1
HG003791	ALG016	Emue:scaffold_0016 Cgig:NC_047565.1 Nvec_vc1.1:NC_064041.1
HG004262	ALG016	Emue:scaffold_0016 Cgig:NC_047565.1 Nvec_vc1.1:NC_064041.1
HG004263	ALG016	Emue:scaffold_0016 Cgig:NC_047565.1 Nvec_vc1.1:NC_064041.1
HG004264	ALG016	Emue:scaffold_0016 Cgig:NC_047565.1 Nvec_vc1.1:NC_064041.1
HG004266	ALG016	Emue:scaffold_0016 Cgig:NC_047565.1 Nvec_vc1.1:NC_064041.1
HG004267	ALG016	Emue:scaffold_0016 Cgig:NC_047565.1 Nvec_vc1.1:NC_064041.1
HG004268	ALG016	Emue:scaffold_0016 Cgig:NC_047565.1 Nvec_vc1.1:NC_064041.1
HG004270	ALG016	Emue:scaffold_0016 Cgig:NC_047565.1 Nvec_vc1.1:NC_064041.1
HG004595	ALG016	Emue:scaffold_0016 Cgig:NC_047565.1 Nvec_vc1.1:NC_064041.1
HG004598	ALG016	Emue:scaffold_0016 Cgig:NC_047565.1 Nvec_vc1.1:NC_064041.1
HG004843	ALG016	Emue:scaffold_0016 Cgig:NC_047565.1 Nvec_vc1.1:NC_064041.1
HG004848	ALG016	Emue:scaffold_0016 Cgig:NC_047565.1 Nvec_vc1.1:NC_064041.1
HG001088	ALG017	Emue:scaffold_0017 Cgig:NC_047559.1 Nvec_vc1.1:NC_064036.1
HG001365	ALG017	Emue:scaffold_0017 Cgig:NC_047559.1 Nvec_vc1.1:NC_064036.1
HG001474	ALG017	Emue:scaffold_0017 Cgig:NC_047559.1 Nvec_vc1.1:NC_064036.1
HG001792	ALG017	Emue:scaffold_0017 Cgig:NC_047559.1 Nvec_vc1.1:NC_064036.1
HG001817	ALG017	Emue:scaffold_0017 Cgig:NC_047559.1 Nvec_vc1.1:NC_064036.1
HG001867	ALG017	Emue:scaffold_0017 Cgig:NC_047559.1 Nvec_vc1.1:NC_064036.1
HG002517	ALG017	Emue:scaffold_0017 Cgig:NC_047559.1 Nvec_vc1.1:NC_064036.1
HG002554	ALG017	Emue:scaffold_0017 Cgig:NC_047559.1 Nvec_vc1.1:NC_064036.1
HG002570	ALG017	Emue:scaffold_0017 Cgig:NC_047559.1 Nvec_vc1.1:NC_064036.1
HG002586	ALG017	Emue:scaffold_0017 Cgig:NC_047559.1 Nvec_vc1.1:NC_064036.1
HG002624	ALG017	Emue:scaffold_0017 Cgig:NC_047559.1 Nvec_vc1.1:NC_064036.1
HG002699	ALG017	Emue:scaffold_0017 Cgig:NC_047559.1 Nvec_vc1.1:NC_064036.1
HG002860	ALG017	Emue:scaffold_0017 Cgig:NC_047559.1 Nvec_vc1.1:NC_064036.1
HG002912	ALG017	Emue:scaffold_0017 Cgig:NC_047559.1 Nvec_vc1.1:NC_064036.1
HG002946	ALG017	Emue:scaffold_0017 Cgig:NC_047559.1 Nvec_vc1.1:NC_064036.1
HG003005	ALG017	Emue:scaffold_0017 Cgig:NC_047559.1 Nvec_vc1.1:NC_064036.1
HG003155	ALG017	Emue:scaffold_0017 Cgig:NC_047559.1 Nvec_vc1.1:NC_064036.1
HG003280	ALG017	Emue:scaffold_0017 Cgig:NC_047559.1 Nvec_vc1.1:NC_064036.1
HG003354	ALG017	Emue:scaffold_0017 Cgig:NC_047559.1 Nvec_vc1.1:NC_064036.1
HG003385	ALG017	Emue:scaffold_0017 Cgig:NC_047559.1 Nvec_vc1.1:NC_064036.1
HG003392	ALG017	Emue:scaffold_0017 Cgig:NC_047559.1 Nvec_vc1.1:NC_064036.1
HG003439	ALG017	Emue:scaffold_0017 Cgig:NC_047559.1 Nvec_vc1.1:NC_064036.1
HG003530	ALG017	Emue:scaffold_0017 Cgig:NC_047559.1 Nvec_vc1.1:NC_064036.1
HG003574	ALG017	Emue:scaffold_0017 Cgig:NC_047559.1 Nvec_vc1.1:NC_064036.1
HG004111	ALG017	Emue:scaffold_0017 Cgig:NC_047559.1 Nvec_vc1.1:NC_064036.1
HG001580	ALG018	Emue:scaffold_0018 Cgig:NC_047564.1 Nvec_vc1.1:NC_064046.1
HG001630	ALG018	Emue:scaffold_0018 Cgig:NC_047564.1 Nvec_vc1.1:NC_064046.1
HG001791	ALG018	Emue:scaffold_0018 Cgig:NC_047564.1 Nvec_vc1.1:NC_064046.1
HG001869	ALG018	Emue:scaffold_0018 Cgig:NC_047564.1 Nvec_vc1.1:NC_064046.1
HG001948	ALG018	Emue:scaffold_0018 Cgig:NC_047564.1 Nvec_vc1.1:NC_064046.1
HG002062	ALG018	Emue:scaffold_0018 Cgig:NC_047564.1 Nvec_vc1.1:NC_064046.1
HG002209	ALG018	Emue:scaffold_0018 Cgig:NC_047564.1 Nvec_vc1.1:NC_064046.1
HG002211	ALG018	Emue:scaffold_0018 Cgig:NC_047564.1 Nvec_vc1.1:NC_064046.1
HG002212	ALG018	Emue:scaffold_0018 Cgig:NC_047564.1 Nvec_vc1.1:NC_064046.1
HG002385	ALG018	Emue:scaffold_0018 Cgig:NC_047564.1 Nvec_vc1.1:NC_064046.1
HG002398	ALG018	Emue:scaffold_0018 Cgig:NC_047564.1 Nvec_vc1.1:NC_064046.1
HG002400	ALG018	Emue:scaffold_0018 Cgig:NC_047564.1 Nvec_vc1.1:NC_064046.1
HG002402	ALG018	Emue:scaffold_0018 Cgig:NC_047564.1 Nvec_vc1.1:NC_064046.1
HG002404	ALG018	Emue:scaffold_0018 Cgig:NC_047564.1 Nvec_vc1.1:NC_064046.1
HG002405	ALG018	Emue:scaffold_0018 Cgig:NC_047564.1 Nvec_vc1.1:NC_064046.1
HG002408	ALG018	Emue:scaffold_0018 Cgig:NC_047564.1 Nvec_vc1.1:NC_064046.1
HG002510	ALG018	Emue:scaffold_0018 Cgig:NC_047564.1 Nvec_vc1.1:NC_064046.1
HG002685	ALG018	Emue:scaffold_0018 Cgig:NC_047564.1 Nvec_vc1.1:NC_064046.1
HG002687	ALG018	Emue:scaffold_0018 Cgig:NC_047564.1 Nvec_vc1.1:NC_064046.1
HG002688	ALG018	Emue:scaffold_0018 Cgig:NC_047564.1 Nvec_vc1.1:NC_064046.1
HG002690	ALG018	Emue:scaffold_0018 Cgig:NC_047564.1 Nvec_vc1.1:NC_064046.1
HG002692	ALG018	Emue:scaffold_0018 Cgig:NC_047564.1 Nvec_vc1.1:NC_064046.1
HG002696	ALG018	Emue:scaffold_0018 Cgig:NC_047564.1 Nvec_vc1.1:NC_064046.1
HG002697	ALG018	Emue:scaffold_0018 Cgig:NC_047564.1 Nvec_vc1.1:NC_064046.1
HG002698	ALG018	Emue:scaffold_0018 Cgig:NC_047564.1 Nvec_vc1.1:NC_064046.1
HG002955	ALG018	Emue:scaffold_0018 Cgig:NC_047564.1 Nvec_vc1.1:NC_064046.1
HG003128	ALG018	Emue:scaffold_0018 Cgig:NC_047564.1 Nvec_vc1.1:NC_064046.1
HG003129	ALG018	Emue:scaffold_0018 Cgig:NC_047564.1 Nvec_vc1.1:NC_064046.1
HG003132	ALG018	Emue:scaffold_0018 Cgig:NC_047564.1 Nvec_vc1.1:NC_064046.1
HG003134	ALG018	Emue:scaffold_0018 Cgig:NC_047564.1 Nvec_vc1.1:NC_064046.1
HG003135	ALG018	Emue:scaffold_0018 Cgig:NC_047564.1 Nvec_vc1.1:NC_064046.1
HG003136	ALG018	Emue:scaffold_0018 Cgig:NC_047564.1 Nvec_vc1.1:NC_064046.1
HG003137	ALG018	Emue:scaffold_0018 Cgig:NC_047564.1 Nvec_vc1.1:NC_064046.1
HG003138	ALG018	Emue:scaffold_0018 Cgig:NC_047564.1 Nvec_vc1.1:NC_064046.1
HG003139	ALG018	Emue:scaffold_0018 Cgig:NC_047564.1 Nvec_vc1.1:NC_064046.1
HG003140	ALG018	Emue:scaffold_0018 Cgig:NC_047564.1 Nvec_vc1.1:NC_064046.1
HG003141	ALG018	Emue:scaffold_0018 Cgig:NC_047564.1 Nvec_vc1.1:NC_064046.1
HG003142	ALG018	Emue:scaffold_0018 Cgig:NC_047564.1 Nvec_vc1.1:NC_064046.1
HG003143	ALG018	Emue:scaffold_0018 Cgig:NC_047564.1 Nvec_vc1.1:NC_064046.1
HG003147	ALG018	Emue:scaffold_0018 Cgig:NC_047564.1 Nvec_vc1.1:NC_064046.1
HG003150	ALG018	Emue:scaffold_0018 Cgig:NC_047564.1 Nvec_vc1.1:NC_064046.1
HG003151	ALG018	Emue:scaffold_0018 Cgig:NC_047564.1 Nvec_vc1.1:NC_064046.1
HG003153	ALG018	Emue:scaffold_0018 Cgig:NC_047564.1 Nvec_vc1.1:NC_064046.1
HG003156	ALG018	Emue:scaffold_0018 Cgig:NC_047564.1 Nvec_vc1.1:NC_064046.1
HG003157	ALG018	Emue:scaffold_0018 Cgig:NC_047564.1 Nvec_vc1.1:NC_064046.1
HG003158	ALG018	Emue:scaffold_0018 Cgig:NC_047564.1 Nvec_vc1.1:NC_064046.1
HG003159	ALG018	Emue:scaffold_0018 Cgig:NC_047564.1 Nvec_vc1.1:NC_064046.1
HG003161	ALG018	Emue:scaffold_0018 Cgig:NC_047564.1 Nvec_vc1.1:NC_064046.1
HG003162	ALG018	Emue:scaffold_0018 Cgig:NC_047564.1 Nvec_vc1.1:NC_064046.1
HG003163	ALG018	Emue:scaffold_0018 Cgig:NC_047564.1 Nvec_vc1.1:NC_064046.1
HG003164	ALG018	Emue:scaffold_0018 Cgig:NC_047564.1 Nvec_vc1.1:NC_064046.1
HG003320	ALG018	Emue:scaffold_0018 Cgig:NC_047564.1 Nvec_vc1.1:NC_064046.1
HG003416	ALG018	Emue:scaffold_0018 Cgig:NC_047564.1 Nvec_vc1.1:NC_064046.1
HG003545	ALG018	Emue:scaffold_0018 Cgig:NC_047564.1 Nvec_vc1.1:NC_064046.1
HG003637	ALG018	Emue:scaffold_0018 Cgig:NC_047564.1 Nvec_vc1.1:NC_064046.1
HG003735	ALG018	Emue:scaffold_0018 Cgig:NC_047564.1 Nvec_vc1.1:NC_064046.1
HG003738	ALG018	Emue:scaffold_0018 Cgig:NC_047564.1 Nvec_vc1.1:NC_064046.1
HG003739	ALG018	Emue:scaffold_0018 Cgig:NC_047564.1 Nvec_vc1.1:NC_064046.1
HG003742	ALG018	Emue:scaffold_0018 Cgig:NC_047564.1 Nvec_vc1.1:NC_064046.1
HG003743	ALG018	Emue:scaffold_0018 Cgig:NC_047564.1 Nvec_vc1.1:NC_064046.1
HG003744	ALG018	Emue:scaffold_0018 Cgig:NC_047564.1 Nvec_vc1.1:NC_064046.1
HG003746	ALG018	Emue:scaffold_0018 Cgig:NC_047564.1 Nvec_vc1.1:NC_064046.1
HG003747	ALG018	Emue:scaffold_0018 Cgig:NC_047564.1 Nvec_vc1.1:NC_064046.1
HG003748	ALG018	Emue:scaffold_0018 Cgig:NC_047564.1 Nvec_vc1.1:NC_064046.1
HG003754	ALG018	Emue:scaffold_0018 Cgig:NC_047564.1 Nvec_vc1.1:NC_064046.1
HG003755	ALG018	Emue:scaffold_0018 Cgig:NC_047564.1 Nvec_vc1.1:NC_064046.1
HG003756	ALG018	Emue:scaffold_0018 Cgig:NC_047564.1 Nvec_vc1.1:NC_064046.1
HG003757	ALG018	Emue:scaffold_0018 Cgig:NC_047564.1 Nvec_vc1.1:NC_064046.1
HG003760	ALG018	Emue:scaffold_0018 Cgig:NC_047564.1 Nvec_vc1.1:NC_064046.1
HG003761	ALG018	Emue:scaffold_0018 Cgig:NC_047564.1 Nvec_vc1.1:NC_064046.1
HG003762	ALG018	Emue:scaffold_0018 Cgig:NC_047564.1 Nvec_vc1.1:NC_064046.1
HG003764	ALG018	Emue:scaffold_0018 Cgig:NC_047564.1 Nvec_vc1.1:NC_064046.1
HG003765	ALG018	Emue:scaffold_0018 Cgig:NC_047564.1 Nvec_vc1.1:NC_064046.1
HG003766	ALG018	Emue:scaffold_0018 Cgig:NC_047564.1 Nvec_vc1.1:NC_064046.1
HG003767	ALG018	Emue:scaffold_0018 Cgig:NC_047564.1 Nvec_vc1.1:NC_064046.1
HG003768	ALG018	Emue:scaffold_0018 Cgig:NC_047564.1 Nvec_vc1.1:NC_064046.1
HG003769	ALG018	Emue:scaffold_0018 Cgig:NC_047564.1 Nvec_vc1.1:NC_064046.1
HG003770	ALG018	Emue:scaffold_0018 Cgig:NC_047564.1 Nvec_vc1.1:NC_064046.1
HG003772	ALG018	Emue:scaffold_0018 Cgig:NC_047564.1 Nvec_vc1.1:NC_064046.1
HG004000	ALG018	Emue:scaffold_0018 Cgig:NC_047564.1 Nvec_vc1.1:NC_064046.1
HG004226	ALG018	Emue:scaffold_0018 Cgig:NC_047564.1 Nvec_vc1.1:NC_064046.1
HG004228	ALG018	Emue:scaffold_0018 Cgig:NC_047564.1 Nvec_vc1.1:NC_064046.1
HG004231	ALG018	Emue:scaffold_0018 Cgig:NC_047564.1 Nvec_vc1.1:NC_064046.1
HG004232	ALG018	Emue:scaffold_0018 Cgig:NC_047564.1 Nvec_vc1.1:NC_064046.1
HG004234	ALG018	Emue:scaffold_0018 Cgig:NC_047564.1 Nvec_vc1.1:NC_064046.1
HG004235	ALG018	Emue:scaffold_0018 Cgig:NC_047564.1 Nvec_vc1.1:NC_064046.1
HG004237	ALG018	Emue:scaffold_0018 Cgig:NC_047564.1 Nvec_vc1.1:NC_064046.1
HG004240	ALG018	Emue:scaffold_0018 Cgig:NC_047564.1 Nvec_vc1.1:NC_064046.1
HG004247	ALG018	Emue:scaffold_0018 Cgig:NC_047564.1 Nvec_vc1.1:NC_064046.1
HG004250	ALG018	Emue:scaffold_0018 Cgig:NC_047564.1 Nvec_vc1.1:NC_064046.1
HG004251	ALG018	Emue:scaffold_0018 Cgig:NC_047564.1 Nvec_vc1.1:NC_064046.1
HG004338	ALG018	Emue:scaffold_0018 Cgig:NC_047564.1 Nvec_vc1.1:NC_064046.1
HG004464	ALG018	Emue:scaffold_0018 Cgig:NC_047564.1 Nvec_vc1.1:NC_064046.1
HG004585	ALG018	Emue:scaffold_0018 Cgig:NC_047564.1 Nvec_vc1.1:NC_064046.1
HG004828	ALG018	Emue:scaffold_0018 Cgig:NC_047564.1 Nvec_vc1.1:NC_064046.1
HG004865	ALG018	Emue:scaffold_0018 Cgig:NC_047564.1 Nvec_vc1.1:NC_064046.1
HG005072	ALG018	Emue:scaffold_0018 Cgig:NC_047564.1 Nvec_vc1.1:NC_064046.1
HG005944	ALG018	Emue:scaffold_0018 Cgig:NC_047564.1 Nvec_vc1.1:NC_064046.1
HG000833	ALG019	Emue:scaffold_0019 Cgig:NC_047561.1 Nvec_vc1.1:NC_064040.1
HG001146	ALG019	Emue:scaffold_0019 Cgig:NC_047561.1 Nvec_vc1.1:NC_064040.1
HG001201	ALG019	Emue:scaffold_0019 Cgig:NC_047561.1 Nvec_vc1.1:NC_064040.1
HG001487	ALG019	Emue:scaffold_0019 Cgig:NC_047561.1 Nvec_vc1.1:NC_064040.1
HG001617	ALG019	Emue:scaffold_0019 Cgig:NC_047561.1 Nvec_vc1.1:NC_064040.1
HG001643	ALG019	Emue:scaffold_0019 Cgig:NC_047561.1 Nvec_vc1.1:NC_064040.1
HG001707	ALG019	Emue:scaffold_0019 Cgig:NC_047561.1 Nvec_vc1.1:NC_064040.1
HG001712	ALG019	Emue:scaffold_0019 Cgig:NC_047561.1 Nvec_vc1.1:NC_064040.1
HG001786	ALG019	Emue:scaffold_0019 Cgig:NC_047561.1 Nvec_vc1.1:NC_064040.1
HG001862	ALG019	Emue:scaffold_0019 Cgig:NC_047561.1 Nvec_vc1.1:NC_064040.1
HG001920	ALG019	Emue:scaffold_0019 Cgig:NC_047561.1 Nvec_vc1.1:NC_064040.1
HG001934	ALG019	Emue:scaffold_0019 Cgig:NC_047561.1 Nvec_vc1.1:NC_064040.1
HG001935	ALG019	Emue:scaffold_0019 Cgig:NC_047561.1 Nvec_vc1.1:NC_064040.1
HG001992	ALG019	Emue:scaffold_0019 Cgig:NC_047561.1 Nvec_vc1.1:NC_064040.1
HG002048	ALG019	Emue:scaffold_0019 Cgig:NC_047561.1 Nvec_vc1.1:NC_064040.1
HG002181	ALG019	Emue:scaffold_0019 Cgig:NC_047561.1 Nvec_vc1.1:NC_064040.1
HG002183	ALG019	Emue:scaffold_0019 Cgig:NC_047561.1 Nvec_vc1.1:NC_064040.1
HG002185	ALG019	Emue:scaffold_0019 Cgig:NC_047561.1 Nvec_vc1.1:NC_064040.1
HG002188	ALG019	Emue:scaffold_0019 Cgig:NC_047561.1 Nvec_vc1.1:NC_064040.1
HG002190	ALG019	Emue:scaffold_0019 Cgig:NC_047561.1 Nvec_vc1.1:NC_064040.1
HG002348	ALG019	Emue:scaffold_0019 Cgig:NC_047561.1 Nvec_vc1.1:NC_064040.1
HG002350	ALG019	Emue:scaffold_0019 Cgig:NC_047561.1 Nvec_vc1.1:NC_064040.1
HG002355	ALG019	Emue:scaffold_0019 Cgig:NC_047561.1 Nvec_vc1.1:NC_064040.1
HG002356	ALG019	Emue:scaffold_0019 Cgig:NC_047561.1 Nvec_vc1.1:NC_064040.1
HG002368	ALG019	Emue:scaffold_0019 Cgig:NC_047561.1 Nvec_vc1.1:NC_064040.1
HG002370	ALG019	Emue:scaffold_0019 Cgig:NC_047561.1 Nvec_vc1.1:NC_064040.1
HG002371	ALG019	Emue:scaffold_0019 Cgig:NC_047561.1 Nvec_vc1.1:NC_064040.1
HG002529	ALG019	Emue:scaffold_0019 Cgig:NC_047561.1 Nvec_vc1.1:NC_064040.1
HG002634	ALG019	Emue:scaffold_0019 Cgig:NC_047561.1 Nvec_vc1.1:NC_064040.1
HG002640	ALG019	Emue:scaffold_0019 Cgig:NC_047561.1 Nvec_vc1.1:NC_064040.1
HG002647	ALG019	Emue:scaffold_0019 Cgig:NC_047561.1 Nvec_vc1.1:NC_064040.1
HG002648	ALG019	Emue:scaffold_0019 Cgig:NC_047561.1 Nvec_vc1.1:NC_064040.1
HG002650	ALG019	Emue:scaffold_0019 Cgig:NC_047561.1 Nvec_vc1.1:NC_064040.1
HG003028	ALG019	Emue:scaffold_0019 Cgig:NC_047561.1 Nvec_vc1.1:NC_064040.1
HG003035	ALG019	Emue:scaffold_0019 Cgig:NC_047561.1 Nvec_vc1.1:NC_064040.1
HG003036	ALG019	Emue:scaffold_0019 Cgig:NC_047561.1 Nvec_vc1.1:NC_064040.1
HG003038	ALG019	Emue:scaffold_0019 Cgig:NC_047561.1 Nvec_vc1.1:NC_064040.1
HG003039	ALG019	Emue:scaffold_0019 Cgig:NC_047561.1 Nvec_vc1.1:NC_064040.1
HG003040	ALG019	Emue:scaffold_0019 Cgig:NC_047561.1 Nvec_vc1.1:NC_064040.1
HG003042	ALG019	Emue:scaffold_0019 Cgig:NC_047561.1 Nvec_vc1.1:NC_064040.1
HG003043	ALG019	Emue:scaffold_0019 Cgig:NC_047561.1 Nvec_vc1.1:NC_064040.1
HG003045	ALG019	Emue:scaffold_0019 Cgig:NC_047561.1 Nvec_vc1.1:NC_064040.1
HG003046	ALG019	Emue:scaffold_0019 Cgig:NC_047561.1 Nvec_vc1.1:NC_064040.1
HG003047	ALG019	Emue:scaffold_0019 Cgig:NC_047561.1 Nvec_vc1.1:NC_064040.1
HG003050	ALG019	Emue:scaffold_0019 Cgig:NC_047561.1 Nvec_vc1.1:NC_064040.1
HG003053	ALG019	Emue:scaffold_0019 Cgig:NC_047561.1 Nvec_vc1.1:NC_064040.1
HG003055	ALG019	Emue:scaffold_0019 Cgig:NC_047561.1 Nvec_vc1.1:NC_064040.1
HG003058	ALG019	Emue:scaffold_0019 Cgig:NC_047561.1 Nvec_vc1.1:NC_064040.1
HG003060	ALG019	Emue:scaffold_0019 Cgig:NC_047561.1 Nvec_vc1.1:NC_064040.1
HG003063	ALG019	Emue:scaffold_0019 Cgig:NC_047561.1 Nvec_vc1.1:NC_064040.1
HG003066	ALG019	Emue:scaffold_0019 Cgig:NC_047561.1 Nvec_vc1.1:NC_064040.1
HG003457	ALG019	Emue:scaffold_0019 Cgig:NC_047561.1 Nvec_vc1.1:NC_064040.1
HG003619	ALG019	Emue:scaffold_0019 Cgig:NC_047561.1 Nvec_vc1.1:NC_064040.1
HG003624	ALG019	Emue:scaffold_0019 Cgig:NC_047561.1 Nvec_vc1.1:NC_064040.1
HG003625	ALG019	Emue:scaffold_0019 Cgig:NC_047561.1 Nvec_vc1.1:NC_064040.1
HG003626	ALG019	Emue:scaffold_0019 Cgig:NC_047561.1 Nvec_vc1.1:NC_064040.1
HG003628	ALG019	Emue:scaffold_0019 Cgig:NC_047561.1 Nvec_vc1.1:NC_064040.1
HG003629	ALG019	Emue:scaffold_0019 Cgig:NC_047561.1 Nvec_vc1.1:NC_064040.1
HG003631	ALG019	Emue:scaffold_0019 Cgig:NC_047561.1 Nvec_vc1.1:NC_064040.1
HG003633	ALG019	Emue:scaffold_0019 Cgig:NC_047561.1 Nvec_vc1.1:NC_064040.1
HG003634	ALG019	Emue:scaffold_0019 Cgig:NC_047561.1 Nvec_vc1.1:NC_064040.1
HG003640	ALG019	Emue:scaffold_0019 Cgig:NC_047561.1 Nvec_vc1.1:NC_064040.1
HG003641	ALG019	Emue:scaffold_0019 Cgig:NC_047561.1 Nvec_vc1.1:NC_064040.1
HG003644	ALG019	Emue:scaffold_0019 Cgig:NC_047561.1 Nvec_vc1.1:NC_064040.1
HG003645	ALG019	Emue:scaffold_0019 Cgig:NC_047561.1 Nvec_vc1.1:NC_064040.1
HG003648	ALG019	Emue:scaffold_0019 Cgig:NC_047561.1 Nvec_vc1.1:NC_064040.1
HG003649	ALG019	Emue:scaffold_0019 Cgig:NC_047561.1 Nvec_vc1.1:NC_064040.1
HG003650	ALG019	Emue:scaffold_0019 Cgig:NC_047561.1 Nvec_vc1.1:NC_064040.1
HG003654	ALG019	Emue:scaffold_0019 Cgig:NC_047561.1 Nvec_vc1.1:NC_064040.1
HG003656	ALG019	Emue:scaffold_0019 Cgig:NC_047561.1 Nvec_vc1.1:NC_064040.1
HG003657	ALG019	Emue:scaffold_0019 Cgig:NC_047561.1 Nvec_vc1.1:NC_064040.1
HG003660	ALG019	Emue:scaffold_0019 Cgig:NC_047561.1 Nvec_vc1.1:NC_064040.1
HG003663	ALG019	Emue:scaffold_0019 Cgig:NC_047561.1 Nvec_vc1.1:NC_064040.1
HG003666	ALG019	Emue:scaffold_0019 Cgig:NC_047561.1 Nvec_vc1.1:NC_064040.1
HG003667	ALG019	Emue:scaffold_0019 Cgig:NC_047561.1 Nvec_vc1.1:NC_064040.1
HG003668	ALG019	Emue:scaffold_0019 Cgig:NC_047561.1 Nvec_vc1.1:NC_064040.1
HG003669	ALG019	Emue:scaffold_0019 Cgig:NC_047561.1 Nvec_vc1.1:NC_064040.1
HG003671	ALG019	Emue:scaffold_0019 Cgig:NC_047561.1 Nvec_vc1.1:NC_064040.1
HG003673	ALG019	Emue:scaffold_0019 Cgig:NC_047561.1 Nvec_vc1.1:NC_064040.1
HG003823	ALG019	Emue:scaffold_0019 Cgig:NC_047561.1 Nvec_vc1.1:NC_064040.1
HG003836	ALG019	Emue:scaffold_0019 Cgig:NC_047561.1 Nvec_vc1.1:NC_064040.1
HG003838	ALG019	Emue:scaffold_0019 Cgig:NC_047561.1 Nvec_vc1.1:NC_064040.1
HG003850	ALG019	Emue:scaffold_0019 Cgig:NC_047561.1 Nvec_vc1.1:NC_064040.1
HG004015	ALG019	Emue:scaffold_0019 Cgig:NC_047561.1 Nvec_vc1.1:NC_064040.1
HG004090	ALG019	Emue:scaffold_0019 Cgig:NC_047561.1 Nvec_vc1.1:NC_064040.1
HG004135	ALG019	Emue:scaffold_0019 Cgig:NC_047561.1 Nvec_vc1.1:NC_064040.1
HG004139	ALG019	Emue:scaffold_0019 Cgig:NC_047561.1 Nvec_vc1.1:NC_064040.1
HG004147	ALG019	Emue:scaffold_0019 Cgig:NC_047561.1 Nvec_vc1.1:NC_064040.1
HG004153	ALG019	Emue:scaffold_0019 Cgig:NC_047561.1 Nvec_vc1.1:NC_064040.1
HG004156	ALG019	Emue:scaffold_0019 Cgig:NC_047561.1 Nvec_vc1.1:NC_064040.1
HG004161	ALG019	Emue:scaffold_0019 Cgig:NC_047561.1 Nvec_vc1.1:NC_064040.1
HG004162	ALG019	Emue:scaffold_0019 Cgig:NC_047561.1 Nvec_vc1.1:NC_064040.1
HG004169	ALG019	Emue:scaffold_0019 Cgig:NC_047561.1 Nvec_vc1.1:NC_064040.1
HG004541	ALG019	Emue:scaffold_0019 Cgig:NC_047561.1 Nvec_vc1.1:NC_064040.1
HG004792	ALG019	Emue:scaffold_0019 Cgig:NC_047561.1 Nvec_vc1.1:NC_064040.1
HG004796	ALG019	Emue:scaffold_0019 Cgig:NC_047561.1 Nvec_vc1.1:NC_064040.1
HG004801	ALG019	Emue:scaffold_0019 Cgig:NC_047561.1 Nvec_vc1.1:NC_064040.1
HG005038	ALG019	Emue:scaffold_0019 Cgig:NC_047561.1 Nvec_vc1.1:NC_064040.1
HG005040	ALG019	Emue:scaffold_0019 Cgig:NC_047561.1 Nvec_vc1.1:NC_064040.1
HG005152	ALG019	Emue:scaffold_0019 Cgig:NC_047561.1 Nvec_vc1.1:NC_064040.1
HG005547	ALG019	Emue:scaffold_0019 Cgig:NC_047561.1 Nvec_vc1.1:NC_064040.1
HG001258	ALG020	Emue:scaffold_0020 Cgig:NC_047568.1 Nvec_vc1.1:NC_064045.1
HG001292	ALG020	Emue:scaffold_0020 Cgig:NC_047568.1 Nvec_vc1.1:NC_064045.1
HG001347	ALG020	Emue:scaffold_0020 Cgig:NC_047568.1 Nvec_vc1.1:NC_064045.1
HG001418	ALG020	Emue:scaffold_0020 Cgig:NC_047568.1 Nvec_vc1.1:NC_064045.1
HG001454	ALG020	Emue:scaffold_0020 Cgig:NC_047568.1 Nvec_vc1.1:NC_064045.1
HG001502	ALG020	Emue:scaffold_0020 Cgig:NC_047568.1 Nvec_vc1.1:NC_064045.1
HG001725	ALG020	Emue:scaffold_0020 Cgig:NC_047568.1 Nvec_vc1.1:NC_064045.1
HG001727	ALG020	Emue:scaffold_0020 Cgig:NC_047568.1 Nvec_vc1.1:NC_064045.1
HG001897	ALG020	Emue:scaffold_0020 Cgig:NC_047568.1 Nvec_vc1.1:NC_064045.1
HG001928	ALG020	Emue:scaffold_0020 Cgig:NC_047568.1 Nvec_vc1.1:NC_064045.1
HG002223	ALG020	Emue:scaffold_0020 Cgig:NC_047568.1 Nvec_vc1.1:NC_064045.1
HG002418	ALG020	Emue:scaffold_0020 Cgig:NC_047568.1 Nvec_vc1.1:NC_064045.1
HG002419	ALG020	Emue:scaffold_0020 Cgig:NC_047568.1 Nvec_vc1.1:NC_064045.1
HG002421	ALG020	Emue:scaffold_0020 Cgig:NC_047568.1 Nvec_vc1.1:NC_064045.1
HG002423	ALG020	Emue:scaffold_0020 Cgig:NC_047568.1 Nvec_vc1.1:NC_064045.1
HG002708	ALG020	Emue:scaffold_0020 Cgig:NC_047568.1 Nvec_vc1.1:NC_064045.1
HG002709	ALG020	Emue:scaffold_0020 Cgig:NC_047568.1 Nvec_vc1.1:NC_064045.1
HG002710	ALG020	Emue:scaffold_0020 Cgig:NC_047568.1 Nvec_vc1.1:NC_064045.1
HG002711	ALG020	Emue:scaffold_0020 Cgig:NC_047568.1 Nvec_vc1.1:NC_064045.1
HG002712	ALG020	Emue:scaffold_0020 Cgig:NC_047568.1 Nvec_vc1.1:NC_064045.1
HG002713	ALG020	Emue:scaffold_0020 Cgig:NC_047568.1 Nvec_vc1.1:NC_064045.1
HG002715	ALG020	Emue:scaffold_0020 Cgig:NC_047568.1 Nvec_vc1.1:NC_064045.1
HG002717	ALG020	Emue:scaffold_0020 Cgig:NC_047568.1 Nvec_vc1.1:NC_064045.1
HG002718	ALG020	Emue:scaffold_0020 Cgig:NC_047568.1 Nvec_vc1.1:NC_064045.1
HG002719	ALG020	Emue:scaffold_0020 Cgig:NC_047568.1 Nvec_vc1.1:NC_064045.1
HG002720	ALG020	Emue:scaffold_0020 Cgig:NC_047568.1 Nvec_vc1.1:NC_064045.1
HG002721	ALG020	Emue:scaffold_0020 Cgig:NC_047568.1 Nvec_vc1.1:NC_064045.1
HG002722	ALG020	Emue:scaffold_0020 Cgig:NC_047568.1 Nvec_vc1.1:NC_064045.1
HG002724	ALG020	Emue:scaffold_0020 Cgig:NC_047568.1 Nvec_vc1.1:NC_064045.1
HG002725	ALG020	Emue:scaffold_0020 Cgig:NC_047568.1 Nvec_vc1.1:NC_064045.1
HG002851	ALG020	Emue:scaffold_0020 Cgig:NC_047568.1 Nvec_vc1.1:NC_064045.1
HG002905	ALG020	Emue:scaffold_0020 Cgig:NC_047568.1 Nvec_vc1.1:NC_064045.1
HG003065	ALG020	Emue:scaffold_0020 Cgig:NC_047568.1 Nvec_vc1.1:NC_064045.1
HG003193	ALG020	Emue:scaffold_0020 Cgig:NC_047568.1 Nvec_vc1.1:NC_064045.1
HG003194	ALG020	Emue:scaffold_0020 Cgig:NC_047568.1 Nvec_vc1.1:NC_064045.1
HG003197	ALG020	Emue:scaffold_0020 Cgig:NC_047568.1 Nvec_vc1.1:NC_064045.1
HG003200	ALG020	Emue:scaffold_0020 Cgig:NC_047568.1 Nvec_vc1.1:NC_064045.1
HG003201	ALG020	Emue:scaffold_0020 Cgig:NC_047568.1 Nvec_vc1.1:NC_064045.1
HG003203	ALG020	Emue:scaffold_0020 Cgig:NC_047568.1 Nvec_vc1.1:NC_064045.1
HG003204	ALG020	Emue:scaffold_0020 Cgig:NC_047568.1 Nvec_vc1.1:NC_064045.1
HG003205	ALG020	Emue:scaffold_0020 Cgig:NC_047568.1 Nvec_vc1.1:NC_064045.1
HG003208	ALG020	Emue:scaffold_0020 Cgig:NC_047568.1 Nvec_vc1.1:NC_064045.1
HG003210	ALG020	Emue:scaffold_0020 Cgig:NC_047568.1 Nvec_vc1.1:NC_064045.1
HG003212	ALG020	Emue:scaffold_0020 Cgig:NC_047568.1 Nvec_vc1.1:NC_064045.1
HG003214	ALG020	Emue:scaffold_0020 Cgig:NC_047568.1 Nvec_vc1.1:NC_064045.1
HG003216	ALG020	Emue:scaffold_0020 Cgig:NC_047568.1 Nvec_vc1.1:NC_064045.1
HG003223	ALG020	Emue:scaffold_0020 Cgig:NC_047568.1 Nvec_vc1.1:NC_064045.1
HG003571	ALG020	Emue:scaffold_0020 Cgig:NC_047568.1 Nvec_vc1.1:NC_064045.1
HG003799	ALG020	Emue:scaffold_0020 Cgig:NC_047568.1 Nvec_vc1.1:NC_064045.1
HG003800	ALG020	Emue:scaffold_0020 Cgig:NC_047568.1 Nvec_vc1.1:NC_064045.1
HG003802	ALG020	Emue:scaffold_0020 Cgig:NC_047568.1 Nvec_vc1.1:NC_064045.1
HG003803	ALG020	Emue:scaffold_0020 Cgig:NC_047568.1 Nvec_vc1.1:NC_064045.1
HG003804	ALG020	Emue:scaffold_0020 Cgig:NC_047568.1 Nvec_vc1.1:NC_064045.1
HG003805	ALG020	Emue:scaffold_0020 Cgig:NC_047568.1 Nvec_vc1.1:NC_064045.1
HG003807	ALG020	Emue:scaffold_0020 Cgig:NC_047568.1 Nvec_vc1.1:NC_064045.1
HG003808	ALG020	Emue:scaffold_0020 Cgig:NC_047568.1 Nvec_vc1.1:NC_064045.1
HG003813	ALG020	Emue:scaffold_0020 Cgig:NC_047568.1 Nvec_vc1.1:NC_064045.1
HG003814	ALG020	Emue:scaffold_0020 Cgig:NC_047568.1 Nvec_vc1.1:NC_064045.1
HG003815	ALG020	Emue:scaffold_0020 Cgig:NC_047568.1 Nvec_vc1.1:NC_064045.1
HG003817	ALG020	Emue:scaffold_0020 Cgig:NC_047568.1 Nvec_vc1.1:NC_064045.1
HG003818	ALG020	Emue:scaffold_0020 Cgig:NC_047568.1 Nvec_vc1.1:NC_064045.1
HG003819	ALG020	Emue:scaffold_0020 Cgig:NC_047568.1 Nvec_vc1.1:NC_064045.1
HG003822	ALG020	Emue:scaffold_0020 Cgig:NC_047568.1 Nvec_vc1.1:NC_064045.1
HG003824	ALG020	Emue:scaffold_0020 Cgig:NC_047568.1 Nvec_vc1.1:NC_064045.1
HG003826	ALG020	Emue:scaffold_0020 Cgig:NC_047568.1 Nvec_vc1.1:NC_064045.1
HG003827	ALG020	Emue:scaffold_0020 Cgig:NC_047568.1 Nvec_vc1.1:NC_064045.1
HG003828	ALG020	Emue:scaffold_0020 Cgig:NC_047568.1 Nvec_vc1.1:NC_064045.1
HG003829	ALG020	Emue:scaffold_0020 Cgig:NC_047568.1 Nvec_vc1.1:NC_064045.1
HG003831	ALG020	Emue:scaffold_0020 Cgig:NC_047568.1 Nvec_vc1.1:NC_064045.1
HG003832	ALG020	Emue:scaffold_0020 Cgig:NC_047568.1 Nvec_vc1.1:NC_064045.1
HG003833	ALG020	Emue:scaffold_0020 Cgig:NC_047568.1 Nvec_vc1.1:NC_064045.1
HG003835	ALG020	Emue:scaffold_0020 Cgig:NC_047568.1 Nvec_vc1.1:NC_064045.1
HG003874	ALG020	Emue:scaffold_0020 Cgig:NC_047568.1 Nvec_vc1.1:NC_064045.1
HG003875	ALG020	Emue:scaffold_0020 Cgig:NC_047568.1 Nvec_vc1.1:NC_064045.1
HG004284	ALG020	Emue:scaffold_0020 Cgig:NC_047568.1 Nvec_vc1.1:NC_064045.1
HG004285	ALG020	Emue:scaffold_0020 Cgig:NC_047568.1 Nvec_vc1.1:NC_064045.1
HG004290	ALG020	Emue:scaffold_0020 Cgig:NC_047568.1 Nvec_vc1.1:NC_064045.1
HG004606	ALG020	Emue:scaffold_0020 Cgig:NC_047568.1 Nvec_vc1.1:NC_064045.1
HG004611	ALG020	Emue:scaffold_0020 Cgig:NC_047568.1 Nvec_vc1.1:NC_064045.1
HG004612	ALG020	Emue:scaffold_0020 Cgig:NC_047568.1 Nvec_vc1.1:NC_064045.1
HG004615	ALG020	Emue:scaffold_0020 Cgig:NC_047568.1 Nvec_vc1.1:NC_064045.1
HG004658	ALG020	Emue:scaffold_0020 Cgig:NC_047568.1 Nvec_vc1.1:NC_064045.1
HG004755	ALG020	Emue:scaffold_0020 Cgig:NC_047568.1 Nvec_vc1.1:NC_064045.1
HG004850	ALG020	Emue:scaffold_0020 Cgig:NC_047568.1 Nvec_vc1.1:NC_064045.1
HG005327	ALG020	Emue:scaffold_0020 Cgig:NC_047568.1 Nvec_vc1.1:NC_064045.1
HG000938	ALG021	Emue:scaffold_0021 Cgig:NC_047562.1 Nvec_vc1.1:NC_064042.1
HG001083	ALG021	Emue:scaffold_0021 Cgig:NC_047562.1 Nvec_vc1.1:NC_064042.1
HG001623	ALG021	Emue:scaffold_0021 Cgig:NC_047562.1 Nvec_vc1.1:NC_064042.1
HG001687	ALG021	Emue:scaffold_0021 Cgig:NC_047562.1 Nvec_vc1.1:NC_064042.1
HG001769	ALG021	Emue:scaffold_0021 Cgig:NC_047562.1 Nvec_vc1.1:NC_064042.1
HG001770	ALG021	Emue:scaffold_0021 Cgig:NC_047562.1 Nvec_vc1.1:NC_064042.1
HG002005	ALG021	Emue:scaffold_0021 Cgig:NC_047562.1 Nvec_vc1.1:NC_064042.1
HG002290	ALG021	Emue:scaffold_0021 Cgig:NC_047562.1 Nvec_vc1.1:NC_064042.1
HG002298	ALG021	Emue:scaffold_0021 Cgig:NC_047562.1 Nvec_vc1.1:NC_064042.1
HG002299	ALG021	Emue:scaffold_0021 Cgig:NC_047562.1 Nvec_vc1.1:NC_064042.1
HG002535	ALG021	Emue:scaffold_0021 Cgig:NC_047562.1 Nvec_vc1.1:NC_064042.1
HG002539	ALG021	Emue:scaffold_0021 Cgig:NC_047562.1 Nvec_vc1.1:NC_064042.1
HG002540	ALG021	Emue:scaffold_0021 Cgig:NC_047562.1 Nvec_vc1.1:NC_064042.1
HG002543	ALG021	Emue:scaffold_0021 Cgig:NC_047562.1 Nvec_vc1.1:NC_064042.1
HG002546	ALG021	Emue:scaffold_0021 Cgig:NC_047562.1 Nvec_vc1.1:NC_064042.1
HG002846	ALG021	Emue:scaffold_0021 Cgig:NC_047562.1 Nvec_vc1.1:NC_064042.1
HG002871	ALG021	Emue:scaffold_0021 Cgig:NC_047562.1 Nvec_vc1.1:NC_064042.1
HG002872	ALG021	Emue:scaffold_0021 Cgig:NC_047562.1 Nvec_vc1.1:NC_064042.1
HG002874	ALG021	Emue:scaffold_0021 Cgig:NC_047562.1 Nvec_vc1.1:NC_064042.1
HG002878	ALG021	Emue:scaffold_0021 Cgig:NC_047562.1 Nvec_vc1.1:NC_064042.1
HG002879	ALG021	Emue:scaffold_0021 Cgig:NC_047562.1 Nvec_vc1.1:NC_064042.1
HG002881	ALG021	Emue:scaffold_0021 Cgig:NC_047562.1 Nvec_vc1.1:NC_064042.1
HG002882	ALG021	Emue:scaffold_0021 Cgig:NC_047562.1 Nvec_vc1.1:NC_064042.1
HG002884	ALG021	Emue:scaffold_0021 Cgig:NC_047562.1 Nvec_vc1.1:NC_064042.1
HG002888	ALG021	Emue:scaffold_0021 Cgig:NC_047562.1 Nvec_vc1.1:NC_064042.1
HG002889	ALG021	Emue:scaffold_0021 Cgig:NC_047562.1 Nvec_vc1.1:NC_064042.1
HG002890	ALG021	Emue:scaffold_0021 Cgig:NC_047562.1 Nvec_vc1.1:NC_064042.1
HG002891	ALG021	Emue:scaffold_0021 Cgig:NC_047562.1 Nvec_vc1.1:NC_064042.1
HG002892	ALG021	Emue:scaffold_0021 Cgig:NC_047562.1 Nvec_vc1.1:NC_064042.1
HG003428	ALG021	Emue:scaffold_0021 Cgig:NC_047562.1 Nvec_vc1.1:NC_064042.1
HG003430	ALG021	Emue:scaffold_0021 Cgig:NC_047562.1 Nvec_vc1.1:NC_064042.1
HG003433	ALG021	Emue:scaffold_0021 Cgig:NC_047562.1 Nvec_vc1.1:NC_064042.1
HG003434	ALG021	Emue:scaffold_0021 Cgig:NC_047562.1 Nvec_vc1.1:NC_064042.1
HG003435	ALG021	Emue:scaffold_0021 Cgig:NC_047562.1 Nvec_vc1.1:NC_064042.1
HG003436	ALG021	Emue:scaffold_0021 Cgig:NC_047562.1 Nvec_vc1.1:NC_064042.1
HG003437	ALG021	Emue:scaffold_0021 Cgig:NC_047562.1 Nvec_vc1.1:NC_064042.1
HG004012	ALG021	Emue:scaffold_0021 Cgig:NC_047562.1 Nvec_vc1.1:NC_064042.1
HG004014	ALG021	Emue:scaffold_0021 Cgig:NC_047562.1 Nvec_vc1.1:NC_064042.1
HG004016	ALG021	Emue:scaffold_0021 Cgig:NC_047562.1 Nvec_vc1.1:NC_064042.1
HG004452	ALG021	Emue:scaffold_0021 Cgig:NC_047562.1 Nvec_vc1.1:NC_064042.1
HG004456	ALG021	Emue:scaffold_0021 Cgig:NC_047562.1 Nvec_vc1.1:NC_064042.1
HG004539	ALG021	Emue:scaffold_0021 Cgig:NC_047562.1 Nvec_vc1.1:NC_064042.1
HG004653	ALG021	Emue:scaffold_0021 Cgig:NC_047562.1 Nvec_vc1.1:NC_064042.1
HG004723	ALG021	Emue:scaffold_0021 Cgig:NC_047562.1 Nvec_vc1.1:NC_064042.1
HG004725	ALG021	Emue:scaffold_0021 Cgig:NC_047562.1 Nvec_vc1.1:NC_064042.1
HG005498	ALG021	Emue:scaffold_0021 Cgig:NC_047562.1 Nvec_vc1.1:NC_064042.1
HG001452	ALG022	Emue:scaffold_0021 Cgig:NC_047563.1 Nvec_vc1.1:NC_064048.1
HG002487	ALG022	Emue:scaffold_0021 Cgig:NC_047563.1 Nvec_vc1.1:NC_064048.1
HG002589	ALG022	Emue:scaffold_0021 Cgig:NC_047563.1 Nvec_vc1.1:NC_064048.1
HG002929	ALG022	Emue:scaffold_0021 Cgig:NC_047563.1 Nvec_vc1.1:NC_064048.1
HG002930	ALG022	Emue:scaffold_0021 Cgig:NC_047563.1 Nvec_vc1.1:NC_064048.1
HG002940	ALG022	Emue:scaffold_0021 Cgig:NC_047563.1 Nvec_vc1.1:NC_064048.1
HG002941	ALG022	Emue:scaffold_0021 Cgig:NC_047563.1 Nvec_vc1.1:NC_064048.1
HG003100	ALG022	Emue:scaffold_0021 Cgig:NC_047563.1 Nvec_vc1.1:NC_064048.1
HG003506	ALG022	Emue:scaffold_0021 Cgig:NC_047563.1 Nvec_vc1.1:NC_064048.1
HG004059	ALG022	Emue:scaffold_0021 Cgig:NC_047563.1 Nvec_vc1.1:NC_064048.1
HG004061	ALG022	Emue:scaffold_0021 Cgig:NC_047563.1 Nvec_vc1.1:NC_064048.1
HG004743	ALG022	Emue:scaffold_0021 Cgig:NC_047563.1 Nvec_vc1.1:NC_064048.1
HG005003	ALG022	Emue:scaffold_0021 Cgig:NC_047563.1 Nvec_vc1.1:NC_064048.1
HG005006	ALG022	Emue:scaffold_0021 Cgig:NC_047563.1 Nvec_vc1.1:NC_064048.1
HG000997	ALG023	Emue:scaffold_0022 Cgig:NC_047565.1 Nvec_vc1.1:NC_064043.1
HG001493	ALG023	Emue:scaffold_0022 Cgig:NC_047565.1 Nvec_vc1.1:NC_064043.1
HG001494	ALG023	Emue:scaffold_0022 Cgig:NC_047565.1 Nvec_vc1.1:NC_064043.1
HG001576	ALG023	Emue:scaffold_0022 Cgig:NC_047565.1 Nvec_vc1.1:NC_064043.1
HG001577	ALG023	Emue:scaffold_0022 Cgig:NC_047565.1 Nvec_vc1.1:NC_064043.1
HG001669	ALG023	Emue:scaffold_0022 Cgig:NC_047565.1 Nvec_vc1.1:NC_064043.1
HG001692	ALG023	Emue:scaffold_0022 Cgig:NC_047565.1 Nvec_vc1.1:NC_064043.1
HG001946	ALG023	Emue:scaffold_0022 Cgig:NC_047565.1 Nvec_vc1.1:NC_064043.1
HG002058	ALG023	Emue:scaffold_0022 Cgig:NC_047565.1 Nvec_vc1.1:NC_064043.1
HG002189	ALG023	Emue:scaffold_0022 Cgig:NC_047565.1 Nvec_vc1.1:NC_064043.1
HG002198	ALG023	Emue:scaffold_0022 Cgig:NC_047565.1 Nvec_vc1.1:NC_064043.1
HG002199	ALG023	Emue:scaffold_0022 Cgig:NC_047565.1 Nvec_vc1.1:NC_064043.1
HG002202	ALG023	Emue:scaffold_0022 Cgig:NC_047565.1 Nvec_vc1.1:NC_064043.1
HG002205	ALG023	Emue:scaffold_0022 Cgig:NC_047565.1 Nvec_vc1.1:NC_064043.1
HG002206	ALG023	Emue:scaffold_0022 Cgig:NC_047565.1 Nvec_vc1.1:NC_064043.1
HG002218	ALG023	Emue:scaffold_0022 Cgig:NC_047565.1 Nvec_vc1.1:NC_064043.1
HG002300	ALG023	Emue:scaffold_0022 Cgig:NC_047565.1 Nvec_vc1.1:NC_064043.1
HG002387	ALG023	Emue:scaffold_0022 Cgig:NC_047565.1 Nvec_vc1.1:NC_064043.1
HG002389	ALG023	Emue:scaffold_0022 Cgig:NC_047565.1 Nvec_vc1.1:NC_064043.1
HG002392	ALG023	Emue:scaffold_0022 Cgig:NC_047565.1 Nvec_vc1.1:NC_064043.1
HG002396	ALG023	Emue:scaffold_0022 Cgig:NC_047565.1 Nvec_vc1.1:NC_064043.1
HG002675	ALG023	Emue:scaffold_0022 Cgig:NC_047565.1 Nvec_vc1.1:NC_064043.1
HG002678	ALG023	Emue:scaffold_0022 Cgig:NC_047565.1 Nvec_vc1.1:NC_064043.1
HG002683	ALG023	Emue:scaffold_0022 Cgig:NC_047565.1 Nvec_vc1.1:NC_064043.1
HG002684	ALG023	Emue:scaffold_0022 Cgig:NC_047565.1 Nvec_vc1.1:NC_064043.1
HG002809	ALG023	Emue:scaffold_0022 Cgig:NC_047565.1 Nvec_vc1.1:NC_064043.1
HG003102	ALG023	Emue:scaffold_0022 Cgig:NC_047565.1 Nvec_vc1.1:NC_064043.1
HG003104	ALG023	Emue:scaffold_0022 Cgig:NC_047565.1 Nvec_vc1.1:NC_064043.1
HG003107	ALG023	Emue:scaffold_0022 Cgig:NC_047565.1 Nvec_vc1.1:NC_064043.1
HG003109	ALG023	Emue:scaffold_0022 Cgig:NC_047565.1 Nvec_vc1.1:NC_064043.1
HG003114	ALG023	Emue:scaffold_0022 Cgig:NC_047565.1 Nvec_vc1.1:NC_064043.1
HG003116	ALG023	Emue:scaffold_0022 Cgig:NC_047565.1 Nvec_vc1.1:NC_064043.1
HG003117	ALG023	Emue:scaffold_0022 Cgig:NC_047565.1 Nvec_vc1.1:NC_064043.1
HG003118	ALG023	Emue:scaffold_0022 Cgig:NC_047565.1 Nvec_vc1.1:NC_064043.1
HG003120	ALG023	Emue:scaffold_0022 Cgig:NC_047565.1 Nvec_vc1.1:NC_064043.1
HG003122	ALG023	Emue:scaffold_0022 Cgig:NC_047565.1 Nvec_vc1.1:NC_064043.1
HG003124	ALG023	Emue:scaffold_0022 Cgig:NC_047565.1 Nvec_vc1.1:NC_064043.1
HG003266	ALG023	Emue:scaffold_0022 Cgig:NC_047565.1 Nvec_vc1.1:NC_064043.1
HG003288	ALG023	Emue:scaffold_0022 Cgig:NC_047565.1 Nvec_vc1.1:NC_064043.1
HG003699	ALG023	Emue:scaffold_0022 Cgig:NC_047565.1 Nvec_vc1.1:NC_064043.1
HG003700	ALG023	Emue:scaffold_0022 Cgig:NC_047565.1 Nvec_vc1.1:NC_064043.1
HG003704	ALG023	Emue:scaffold_0022 Cgig:NC_047565.1 Nvec_vc1.1:NC_064043.1
HG003705	ALG023	Emue:scaffold_0022 Cgig:NC_047565.1 Nvec_vc1.1:NC_064043.1
HG003706	ALG023	Emue:scaffold_0022 Cgig:NC_047565.1 Nvec_vc1.1:NC_064043.1
HG003707	ALG023	Emue:scaffold_0022 Cgig:NC_047565.1 Nvec_vc1.1:NC_064043.1
HG003710	ALG023	Emue:scaffold_0022 Cgig:NC_047565.1 Nvec_vc1.1:NC_064043.1
HG003711	ALG023	Emue:scaffold_0022 Cgig:NC_047565.1 Nvec_vc1.1:NC_064043.1
HG003714	ALG023	Emue:scaffold_0022 Cgig:NC_047565.1 Nvec_vc1.1:NC_064043.1
HG003717	ALG023	Emue:scaffold_0022 Cgig:NC_047565.1 Nvec_vc1.1:NC_064043.1
HG003718	ALG023	Emue:scaffold_0022 Cgig:NC_047565.1 Nvec_vc1.1:NC_064043.1
HG003722	ALG023	Emue:scaffold_0022 Cgig:NC_047565.1 Nvec_vc1.1:NC_064043.1
HG003723	ALG023	Emue:scaffold_0022 Cgig:NC_047565.1 Nvec_vc1.1:NC_064043.1
HG003724	ALG023	Emue:scaffold_0022 Cgig:NC_047565.1 Nvec_vc1.1:NC_064043.1
HG003726	ALG023	Emue:scaffold_0022 Cgig:NC_047565.1 Nvec_vc1.1:NC_064043.1
HG003727	ALG023	Emue:scaffold_0022 Cgig:NC_047565.1 Nvec_vc1.1:NC_064043.1
HG003729	ALG023	Emue:scaffold_0022 Cgig:NC_047565.1 Nvec_vc1.1:NC_064043.1
HG003730	ALG023	Emue:scaffold_0022 Cgig:NC_047565.1 Nvec_vc1.1:NC_064043.1
HG003731	ALG023	Emue:scaffold_0022 Cgig:NC_047565.1 Nvec_vc1.1:NC_064043.1
HG003732	ALG023	Emue:scaffold_0022 Cgig:NC_047565.1 Nvec_vc1.1:NC_064043.1
HG003734	ALG023	Emue:scaffold_0022 Cgig:NC_047565.1 Nvec_vc1.1:NC_064043.1
HG004130	ALG023	Emue:scaffold_0022 Cgig:NC_047565.1 Nvec_vc1.1:NC_064043.1
HG004202	ALG023	Emue:scaffold_0022 Cgig:NC_047565.1 Nvec_vc1.1:NC_064043.1
HG004203	ALG023	Emue:scaffold_0022 Cgig:NC_047565.1 Nvec_vc1.1:NC_064043.1
HG004205	ALG023	Emue:scaffold_0022 Cgig:NC_047565.1 Nvec_vc1.1:NC_064043.1
HG004206	ALG023	Emue:scaffold_0022 Cgig:NC_047565.1 Nvec_vc1.1:NC_064043.1
HG004209	ALG023	Emue:scaffold_0022 Cgig:NC_047565.1 Nvec_vc1.1:NC_064043.1
HG004210	ALG023	Emue:scaffold_0022 Cgig:NC_047565.1 Nvec_vc1.1:NC_064043.1
HG004216	ALG023	Emue:scaffold_0022 Cgig:NC_047565.1 Nvec_vc1.1:NC_064043.1
HG004219	ALG023	Emue:scaffold_0022 Cgig:NC_047565.1 Nvec_vc1.1:NC_064043.1
HG004221	ALG023	Emue:scaffold_0022 Cgig:NC_047565.1 Nvec_vc1.1:NC_064043.1
HG004563	ALG023	Emue:scaffold_0022 Cgig:NC_047565.1 Nvec_vc1.1:NC_064043.1
HG004564	ALG023	Emue:scaffold_0022 Cgig:NC_047565.1 Nvec_vc1.1:NC_064043.1
HG004565	ALG023	Emue:scaffold_0022 Cgig:NC_047565.1 Nvec_vc1.1:NC_064043.1
HG004569	ALG023	Emue:scaffold_0022 Cgig:NC_047565.1 Nvec_vc1.1:NC_064043.1
HG004577	ALG023	Emue:scaffold_0022 Cgig:NC_047565.1 Nvec_vc1.1:NC_064043.1
HG004655	ALG023	Emue:scaffold_0022 Cgig:NC_047565.1 Nvec_vc1.1:NC_064043.1
HG004819	ALG023	Emue:scaffold_0022 Cgig:NC_047565.1 Nvec_vc1.1:NC_064043.1
HG005065	ALG023	Emue:scaffold_0022 Cgig:NC_047565.1 Nvec_vc1.1:NC_064043.1
HG001163	ALG024	Emue:scaffold_0023 Cgig:NC_047563.1 Nvec_vc1.1:NC_064047.1
HG001516	ALG024	Emue:scaffold_0023 Cgig:NC_047563.1 Nvec_vc1.1:NC_064047.1
HG001752	ALG024	Emue:scaffold_0023 Cgig:NC_047563.1 Nvec_vc1.1:NC_064047.1
HG002096	ALG024	Emue:scaffold_0023 Cgig:NC_047563.1 Nvec_vc1.1:NC_064047.1
HG002101	ALG024	Emue:scaffold_0023 Cgig:NC_047563.1 Nvec_vc1.1:NC_064047.1
HG002464	ALG024	Emue:scaffold_0023 Cgig:NC_047563.1 Nvec_vc1.1:NC_064047.1
HG002465	ALG024	Emue:scaffold_0023 Cgig:NC_047563.1 Nvec_vc1.1:NC_064047.1
HG002468	ALG024	Emue:scaffold_0023 Cgig:NC_047563.1 Nvec_vc1.1:NC_064047.1
HG002727	ALG024	Emue:scaffold_0023 Cgig:NC_047563.1 Nvec_vc1.1:NC_064047.1
HG002759	ALG024	Emue:scaffold_0023 Cgig:NC_047563.1 Nvec_vc1.1:NC_064047.1
HG002763	ALG024	Emue:scaffold_0023 Cgig:NC_047563.1 Nvec_vc1.1:NC_064047.1
HG002764	ALG024	Emue:scaffold_0023 Cgig:NC_047563.1 Nvec_vc1.1:NC_064047.1
HG002765	ALG024	Emue:scaffold_0023 Cgig:NC_047563.1 Nvec_vc1.1:NC_064047.1
HG002767	ALG024	Emue:scaffold_0023 Cgig:NC_047563.1 Nvec_vc1.1:NC_064047.1
HG002768	ALG024	Emue:scaffold_0023 Cgig:NC_047563.1 Nvec_vc1.1:NC_064047.1
HG002769	ALG024	Emue:scaffold_0023 Cgig:NC_047563.1 Nvec_vc1.1:NC_064047.1
HG002773	ALG024	Emue:scaffold_0023 Cgig:NC_047563.1 Nvec_vc1.1:NC_064047.1
HG002774	ALG024	Emue:scaffold_0023 Cgig:NC_047563.1 Nvec_vc1.1:NC_064047.1
HG002775	ALG024	Emue:scaffold_0023 Cgig:NC_047563.1 Nvec_vc1.1:NC_064047.1
HG002776	ALG024	Emue:scaffold_0023 Cgig:NC_047563.1 Nvec_vc1.1:NC_064047.1
HG002779	ALG024	Emue:scaffold_0023 Cgig:NC_047563.1 Nvec_vc1.1:NC_064047.1
HG002780	ALG024	Emue:scaffold_0023 Cgig:NC_047563.1 Nvec_vc1.1:NC_064047.1
HG003268	ALG024	Emue:scaffold_0023 Cgig:NC_047563.1 Nvec_vc1.1:NC_064047.1
HG003271	ALG024	Emue:scaffold_0023 Cgig:NC_047563.1 Nvec_vc1.1:NC_064047.1
HG003272	ALG024	Emue:scaffold_0023 Cgig:NC_047563.1 Nvec_vc1.1:NC_064047.1
HG003273	ALG024	Emue:scaffold_0023 Cgig:NC_047563.1 Nvec_vc1.1:NC_064047.1
HG003275	ALG024	Emue:scaffold_0023 Cgig:NC_047563.1 Nvec_vc1.1:NC_064047.1
HG003277	ALG024	Emue:scaffold_0023 Cgig:NC_047563.1 Nvec_vc1.1:NC_064047.1
HG003279	ALG024	Emue:scaffold_0023 Cgig:NC_047563.1 Nvec_vc1.1:NC_064047.1
HG003281	ALG024	Emue:scaffold_0023 Cgig:NC_047563.1 Nvec_vc1.1:NC_064047.1
HG003282	ALG024	Emue:scaffold_0023 Cgig:NC_047563.1 Nvec_vc1.1:NC_064047.1
HG003283	ALG024	Emue:scaffold_0023 Cgig:NC_047563.1 Nvec_vc1.1:NC_064047.1
HG003289	ALG024	Emue:scaffold_0023 Cgig:NC_047563.1 Nvec_vc1.1:NC_064047.1
HG003292	ALG024	Emue:scaffold_0023 Cgig:NC_047563.1 Nvec_vc1.1:NC_064047.1
HG003293	ALG024	Emue:scaffold_0023 Cgig:NC_047563.1 Nvec_vc1.1:NC_064047.1
HG003297	ALG024	Emue:scaffold_0023 Cgig:NC_047563.1 Nvec_vc1.1:NC_064047.1
HG003298	ALG024	Emue:scaffold_0023 Cgig:NC_047563.1 Nvec_vc1.1:NC_064047.1
HG003300	ALG024	Emue:scaffold_0023 Cgig:NC_047563.1 Nvec_vc1.1:NC_064047.1
HG003512	ALG024	Emue:scaffold_0023 Cgig:NC_047563.1 Nvec_vc1.1:NC_064047.1
HG003897	ALG024	Emue:scaffold_0023 Cgig:NC_047563.1 Nvec_vc1.1:NC_064047.1
HG003900	ALG024	Emue:scaffold_0023 Cgig:NC_047563.1 Nvec_vc1.1:NC_064047.1
HG003902	ALG024	Emue:scaffold_0023 Cgig:NC_047563.1 Nvec_vc1.1:NC_064047.1
HG003903	ALG024	Emue:scaffold_0023 Cgig:NC_047563.1 Nvec_vc1.1:NC_064047.1
HG003905	ALG024	Emue:scaffold_0023 Cgig:NC_047563.1 Nvec_vc1.1:NC_064047.1
HG003906	ALG024	Emue:scaffold_0023 Cgig:NC_047563.1 Nvec_vc1.1:NC_064047.1
HG003908	ALG024	Emue:scaffold_0023 Cgig:NC_047563.1 Nvec_vc1.1:NC_064047.1
HG003911	ALG024	Emue:scaffold_0023 Cgig:NC_047563.1 Nvec_vc1.1:NC_064047.1
HG004336	ALG024	Emue:scaffold_0023 Cgig:NC_047563.1 Nvec_vc1.1:NC_064047.1
HG004373	ALG024	Emue:scaffold_0023 Cgig:NC_047563.1 Nvec_vc1.1:NC_064047.1
HG004376	ALG024	Emue:scaffold_0023 Cgig:NC_047563.1 Nvec_vc1.1:NC_064047.1
HG004377	ALG024	Emue:scaffold_0023 Cgig:NC_047563.1 Nvec_vc1.1:NC_064047.1
HG004650	ALG024	Emue:scaffold_0023 Cgig:NC_047563.1 Nvec_vc1.1:NC_064047.1
HG004680	ALG024	Emue:scaffold_0023 Cgig:NC_047563.1 Nvec_vc1.1:NC_064047.1
HG001563	ALG025	Emue:scaffold_0023 Cgig:NC_047568.1 Nvec_vc1.1:NC_064037.1
HG001697	ALG025	Emue:scaffold_0023 Cgig:NC_047568.1 Nvec_vc1.1:NC_064037.1
HG002259	ALG025	Emue:scaffold_0023 Cgig:NC_047568.1 Nvec_vc1.1:NC_064037.1
HG002590	ALG025	Emue:scaffold_0023 Cgig:NC_047568.1 Nvec_vc1.1:NC_064037.1
HG002591	ALG025	Emue:scaffold_0023 Cgig:NC_047568.1 Nvec_vc1.1:NC_064037.1
HG002597	ALG025	Emue:scaffold_0023 Cgig:NC_047568.1 Nvec_vc1.1:NC_064037.1
HG002956	ALG025	Emue:scaffold_0023 Cgig:NC_047568.1 Nvec_vc1.1:NC_064037.1
HG002961	ALG025	Emue:scaffold_0023 Cgig:NC_047568.1 Nvec_vc1.1:NC_064037.1
HG002967	ALG025	Emue:scaffold_0023 Cgig:NC_047568.1 Nvec_vc1.1:NC_064037.1
HG002969	ALG025	Emue:scaffold_0023 Cgig:NC_047568.1 Nvec_vc1.1:NC_064037.1
HG002970	ALG025	Emue:scaffold_0023 Cgig:NC_047568.1 Nvec_vc1.1:NC_064037.1
HG002972	ALG025	Emue:scaffold_0023 Cgig:NC_047568.1 Nvec_vc1.1:NC_064037.1
HG002974	ALG025	Emue:scaffold_0023 Cgig:NC_047568.1 Nvec_vc1.1:NC_064037.1
HG002994	ALG025	Emue:scaffold_0023 Cgig:NC_047568.1 Nvec_vc1.1:NC_064037.1
HG002995	ALG025	Emue:scaffold_0023 Cgig:NC_047568.1 Nvec_vc1.1:NC_064037.1
HG002996	ALG025	Emue:scaffold_0023 Cgig:NC_047568.1 Nvec_vc1.1:NC_064037.1
HG003154	ALG025	Emue:scaffold_0023 Cgig:NC_047568.1 Nvec_vc1.1:NC_064037.1
HG003470	ALG025	Emue:scaffold_0023 Cgig:NC_047568.1 Nvec_vc1.1:NC_064037.1
HG003527	ALG025	Emue:scaffold_0023 Cgig:NC_047568.1 Nvec_vc1.1:NC_064037.1
HG003531	ALG025	Emue:scaffold_0023 Cgig:NC_047568.1 Nvec_vc1.1:NC_064037.1
HG003534	ALG025	Emue:scaffold_0023 Cgig:NC_047568.1 Nvec_vc1.1:NC_064037.1
HG003536	ALG025	Emue:scaffold_0023 Cgig:NC_047568.1 Nvec_vc1.1:NC_064037.1
HG003539	ALG025	Emue:scaffold_0023 Cgig:NC_047568.1 Nvec_vc1.1:NC_064037.1
HG003544	ALG025	Emue:scaffold_0023 Cgig:NC_047568.1 Nvec_vc1.1:NC_064037.1
HG003554	ALG025	Emue:scaffold_0023 Cgig:NC_047568.1 Nvec_vc1.1:NC_064037.1
HG003674	ALG025	Emue:scaffold_0023 Cgig:NC_047568.1 Nvec_vc1.1:NC_064037.1
HG004502	ALG025	Emue:scaffold_0023 Cgig:NC_047568.1 Nvec_vc1.1:NC_064037.1
HG005537	ALG025	Emue:scaffold_0023 Cgig:NC_047568.1 Nvec_vc1.1:NC_064037.1
