BC41_H2	BC41_H2	BC41_H2
BC41_H2-0-1	BC41_H2	BC41_H2
BC41_H2-0-2	BC41_H2	BC41_H2
BC41_H2-0-3	BC41_H2	BC41_H2
BC41_H2-1-1	BC41_H2	BC41_H2
BC41_H2-1-2	BC41_H2	BC41_H2
BC41_H2-1-3	BC41_H2	BC41_H2
BC41_H2-2-1	BC41_H2	BC41_H2
BC41_H2-2-2	BC41_H2	BC41_H2
BC41_H2-2-3	BC41_H2	BC41_H2
BC41_H2-3-1	BC41_H2	BC41_H2
BC41_H2-3-2	BC41_H2	BC41_H2
BC41_H2-3-3	BC41_H2	BC41_H2
BC41_H2-4-1	BC41_H2	BC41_H2
BC41_H2-4-2	BC41_H2	BC41_H2
BC41_H2-4-3	BC41_H2	BC41_H2
BC41_H2-5-1	BC41_H2	BC41_H2
BC41_H2-5-2	BC41_H2	BC41_H2
BC41_H2-5-3	BC41_H2	BC41_H2
BC41_H2-6-1	BC41_H2	BC41_H2
BC41_H2-6-2	BC41_H2	BC41_H2
BC41_H2-6-3	BC41_H2	BC41_H2
BC41_H2-7-1	BC41_H2	BC41_H2
BC41_H2-7-2	BC41_H2	BC41_H2
BC41_H2-7-3	BC41_H2	BC41_H2
BC41_H2-8-1	BC41_H2	BC41_H2
BC41_H2-8-2	BC41_H2	BC41_H2
BC41_H2-8-3	BC41_H2	BC41_H2
BC41_H2-9-1	BC41_H2	BC41_H2
BC41_H2-9-2	BC41_H2	BC41_H2
BC41_H2-9-3	BC41_H2	BC41_H2
BC41_H2-10-1	BC41_H2	BC41_H2
BC41_H2-10-2	BC41_H2	BC41_H2
BC41_H2-10-3	BC41_H2	BC41_H2
BC42_H23	BC42_H23	BC42_H23
BC42_H23-0-1	BC42_H23	BC42_H23
BC42_H23-0-2	BC42_H23	BC42_H23
BC42_H23-0-3	BC42_H23	BC42_H23
BC42_H23-1-1	BC42_H23	BC42_H23
BC42_H23-1-2	BC42_H23	BC42_H23
BC42_H23-1-3	BC42_H23	BC42_H23
BC42_H23-2-1	BC42_H23	BC42_H23
BC42_H23-2-2	BC42_H23	BC42_H23
BC42_H23-2-3	BC42_H23	BC42_H23
BC42_H23-3-1	BC42_H23	BC42_H23
BC42_H23-3-2	BC42_H23	BC42_H23
BC42_H23-3-3	BC42_H23	BC42_H23
BC42_H23-4-1	BC42_H23	BC42_H23
BC42_H23-4-2	BC42_H23	BC42_H23
BC42_H23-4-3	BC42_H23	BC42_H23
BC42_H23-5-1	BC42_H23	BC42_H23
BC42_H23-5-2	BC42_H23	BC42_H23
BC42_H23-5-3	BC42_H23	BC42_H23
BC42_H23-6-1	BC42_H23	BC42_H23
BC42_H23-6-2	BC42_H23	BC42_H23
BC42_H23-6-3	BC42_H23	BC42_H23
BC42_H23-7-1	BC42_H23	BC42_H23
BC42_H23-7-2	BC42_H23	BC42_H23
BC42_H23-7-3	BC42_H23	BC42_H23
BC42_H23-8-1	BC42_H23	BC42_H23
BC42_H23-8-2	BC42_H23	BC42_H23
BC42_H23-8-3	BC42_H23	BC42_H23
BC42_H23-9-1	BC42_H23	BC42_H23
BC42_H23-9-2	BC42_H23	BC42_H23
BC42_H23-9-3	BC42_H23	BC42_H23
BC42_H23-10-1	BC42_H23	BC42_H23
BC42_H23-10-2	BC42_H23	BC42_H23
BC42_H23-10-3	BC42_H23	BC42_H23
BC43_H2	BC43_H2	BC43_H2
BC43_H2-0-1	BC43_H2	BC43_H2
BC43_H2-0-2	BC43_H2	BC43_H2
BC43_H2-0-3	BC43_H2	BC43_H2
BC43_H2-1-1	BC43_H2	BC43_H2
BC43_H2-1-2	BC43_H2	BC43_H2
BC43_H2-1-3	BC43_H2	BC43_H2
BC43_H2-2-1	BC43_H2	BC43_H2
BC43_H2-2-2	BC43_H2	BC43_H2
BC43_H2-2-3	BC43_H2	BC43_H2
BC43_H2-3-1	BC43_H2	BC43_H2
BC43_H2-3-2	BC43_H2	BC43_H2
BC43_H2-3-3	BC43_H2	BC43_H2
BC43_H2-4-1	BC43_H2	BC43_H2
BC43_H2-4-2	BC43_H2	BC43_H2
BC43_H2-4-3	BC43_H2	BC43_H2
BC43_H2-5-1	BC43_H2	BC43_H2
BC43_H2-5-2	BC43_H2	BC43_H2
BC43_H2-5-3	BC43_H2	BC43_H2
BC43_H2-6-1	BC43_H2	BC43_H2
BC43_H2-6-2	BC43_H2	BC43_H2
BC43_H2-6-3	BC43_H2	BC43_H2
BC43_H2-7-1	BC43_H2	BC43_H2
BC43_H2-7-2	BC43_H2	BC43_H2
BC43_H2-7-3	BC43_H2	BC43_H2
BC43_H2-8-1	BC43_H2	BC43_H2
BC43_H2-8-2	BC43_H2	BC43_H2
BC43_H2-8-3	BC43_H2	BC43_H2
BC43_H2-9-1	BC43_H2	BC43_H2
BC43_H2-9-2	BC43_H2	BC43_H2
BC43_H2-9-3	BC43_H2	BC43_H2
BC43_H2-10-1	BC43_H2	BC43_H2
BC43_H2-10-2	BC43_H2	BC43_H2
BC43_H2-10-3	BC43_H2	BC43_H2
BC44_H2	BC44_H2	BC44_H2
BC44_H2-0-1	BC44_H2	BC44_H2
BC44_H2-0-2	BC44_H2	BC44_H2
BC44_H2-0-3	BC44_H2	BC44_H2
BC44_H2-1-1	BC44_H2	BC44_H2
BC44_H2-1-2	BC44_H2	BC44_H2
BC44_H2-1-3	BC44_H2	BC44_H2
BC44_H2-2-1	BC44_H2	BC44_H2
BC44_H2-2-2	BC44_H2	BC44_H2
BC44_H2-2-3	BC44_H2	BC44_H2
BC44_H2-3-1	BC44_H2	BC44_H2
BC44_H2-3-2	BC44_H2	BC44_H2
BC44_H2-3-3	BC44_H2	BC44_H2
BC44_H2-4-1	BC44_H2	BC44_H2
BC44_H2-4-2	BC44_H2	BC44_H2
BC44_H2-4-3	BC44_H2	BC44_H2
BC44_H2-5-1	BC44_H2	BC44_H2
BC44_H2-5-2	BC44_H2	BC44_H2
BC44_H2-5-3	BC44_H2	BC44_H2
BC44_H2-6-1	BC44_H2	BC44_H2
BC44_H2-6-2	BC44_H2	BC44_H2
BC44_H2-6-3	BC44_H2	BC44_H2
BC44_H2-7-1	BC44_H2	BC44_H2
BC44_H2-7-2	BC44_H2	BC44_H2
BC44_H2-7-3	BC44_H2	BC44_H2
BC44_H2-8-1	BC44_H2	BC44_H2
BC44_H2-8-2	BC44_H2	BC44_H2
BC44_H2-8-3	BC44_H2	BC44_H2
BC44_H2-9-1	BC44_H2	BC44_H2
BC44_H2-9-2	BC44_H2	BC44_H2
BC44_H2-9-3	BC44_H2	BC44_H2
BC44_H2-10-1	BC44_H2	BC44_H2
BC44_H2-10-2	BC44_H2	BC44_H2
BC44_H2-10-3	BC44_H2	BC44_H2
BC45_H2	BC45_H2	BC45_H2
BC45_H2-0-1	BC45_H2	BC45_H2
BC45_H2-0-2	BC45_H2	BC45_H2
BC45_H2-0-3	BC45_H2	BC45_H2
BC45_H2-1-1	BC45_H2	BC45_H2
BC45_H2-1-2	BC45_H2	BC45_H2
BC45_H2-1-3	BC45_H2	BC45_H2
BC45_H2-2-1	BC45_H2	BC45_H2
BC45_H2-2-2	BC45_H2	BC45_H2
BC45_H2-2-3	BC45_H2	BC45_H2
BC45_H2-3-1	BC45_H2	BC45_H2
BC45_H2-3-2	BC45_H2	BC45_H2
BC45_H2-3-3	BC45_H2	BC45_H2
BC45_H2-4-1	BC45_H2	BC45_H2
BC45_H2-4-2	BC45_H2	BC45_H2
BC45_H2-4-3	BC45_H2	BC45_H2
BC45_H2-5-1	BC45_H2	BC45_H2
BC45_H2-5-2	BC45_H2	BC45_H2
BC45_H2-5-3	BC45_H2	BC45_H2
BC45_H2-6-1	BC45_H2	BC45_H2
BC45_H2-6-2	BC45_H2	BC45_H2
BC45_H2-6-3	BC45_H2	BC45_H2
BC45_H2-7-1	BC45_H2	BC45_H2
BC45_H2-7-2	BC45_H2	BC45_H2
BC45_H2-7-3	BC45_H2	BC45_H2
BC45_H2-8-1	BC45_H2	BC45_H2
BC45_H2-8-2	BC45_H2	BC45_H2
BC45_H2-8-3	BC45_H2	BC45_H2
BC45_H2-9-1	BC45_H2	BC45_H2
BC45_H2-9-2	BC45_H2	BC45_H2
BC45_H2-9-3	BC45_H2	BC45_H2
BC45_H2-10-1	BC45_H2	BC45_H2
BC45_H2-10-2	BC45_H2	BC45_H2
BC45_H2-10-3	BC45_H2	BC45_H2
BC46_XX	BC46_XX	BC46_XX
BC46_XX-0-1	BC46_XX	BC46_XX
BC46_XX-0-2	BC46_XX	BC46_XX
BC46_XX-0-3	BC46_XX	BC46_XX
BC46_XX-1-1	BC46_XX	BC46_XX
BC46_XX-1-2	BC46_XX	BC46_XX
BC46_XX-1-3	BC46_XX	BC46_XX
BC46_XX-2-1	BC46_XX	BC46_XX
BC46_XX-2-2	BC46_XX	BC46_XX
BC46_XX-2-3	BC46_XX	BC46_XX
BC46_XX-3-1	BC46_XX	BC46_XX
BC46_XX-3-2	BC46_XX	BC46_XX
BC46_XX-3-3	BC46_XX	BC46_XX
BC46_XX-4-1	BC46_XX	BC46_XX
BC46_XX-4-2	BC46_XX	BC46_XX
BC46_XX-4-3	BC46_XX	BC46_XX
BC46_XX-5-1	BC46_XX	BC46_XX
BC46_XX-5-2	BC46_XX	BC46_XX
BC46_XX-5-3	BC46_XX	BC46_XX
BC46_XX-6-1	BC46_XX	BC46_XX
BC46_XX-6-2	BC46_XX	BC46_XX
BC46_XX-6-3	BC46_XX	BC46_XX
BC46_XX-7-1	BC46_XX	BC46_XX
BC46_XX-7-2	BC46_XX	BC46_XX
BC46_XX-7-3	BC46_XX	BC46_XX
BC46_XX-8-1	BC46_XX	BC46_XX
BC46_XX-8-2	BC46_XX	BC46_XX
BC46_XX-8-3	BC46_XX	BC46_XX
BC46_XX-9-1	BC46_XX	BC46_XX
BC46_XX-9-2	BC46_XX	BC46_XX
BC46_XX-9-3	BC46_XX	BC46_XX
BC46_XX-10-1	BC46_XX	BC46_XX
BC46_XX-10-2	BC46_XX	BC46_XX
BC46_XX-10-3	BC46_XX	BC46_XX
BC47_H2	BC47_H2	BC47_H2
BC47_H2-0-1	BC47_H2	BC47_H2
BC47_H2-0-2	BC47_H2	BC47_H2
BC47_H2-0-3	BC47_H2	BC47_H2
BC47_H2-1-1	BC47_H2	BC47_H2
BC47_H2-1-2	BC47_H2	BC47_H2
BC47_H2-1-3	BC47_H2	BC47_H2
BC47_H2-2-1	BC47_H2	BC47_H2
BC47_H2-2-2	BC47_H2	BC47_H2
BC47_H2-2-3	BC47_H2	BC47_H2
BC47_H2-3-1	BC47_H2	BC47_H2
BC47_H2-3-2	BC47_H2	BC47_H2
BC47_H2-3-3	BC47_H2	BC47_H2
BC47_H2-4-1	BC47_H2	BC47_H2
BC47_H2-4-2	BC47_H2	BC47_H2
BC47_H2-4-3	BC47_H2	BC47_H2
BC47_H2-5-1	BC47_H2	BC47_H2
BC47_H2-5-2	BC47_H2	BC47_H2
BC47_H2-5-3	BC47_H2	BC47_H2
BC47_H2-6-1	BC47_H2	BC47_H2
BC47_H2-6-2	BC47_H2	BC47_H2
BC47_H2-6-3	BC47_H2	BC47_H2
BC47_H2-7-1	BC47_H2	BC47_H2
BC47_H2-7-2	BC47_H2	BC47_H2
BC47_H2-7-3	BC47_H2	BC47_H2
BC47_H2-8-1	BC47_H2	BC47_H2
BC47_H2-8-2	BC47_H2	BC47_H2
BC47_H2-8-3	BC47_H2	BC47_H2
BC47_H2-9-1	BC47_H2	BC47_H2
BC47_H2-9-2	BC47_H2	BC47_H2
BC47_H2-9-3	BC47_H2	BC47_H2
BC47_H2-10-1	BC47_H2	BC47_H2
BC47_H2-10-2	BC47_H2	BC47_H2
BC47_H2-10-3	BC47_H2	BC47_H2
BC48_H2	BC48_H2	BC48_H2
BC48_H2-0-1	BC48_H2	BC48_H2
BC48_H2-0-2	BC48_H2	BC48_H2
BC48_H2-0-3	BC48_H2	BC48_H2
BC48_H2-1-1	BC48_H2	BC48_H2
BC48_H2-1-2	BC48_H2	BC48_H2
BC48_H2-1-3	BC48_H2	BC48_H2
BC48_H2-2-1	BC48_H2	BC48_H2
BC48_H2-2-2	BC48_H2	BC48_H2
BC48_H2-2-3	BC48_H2	BC48_H2
BC48_H2-3-1	BC48_H2	BC48_H2
BC48_H2-3-2	BC48_H2	BC48_H2
BC48_H2-3-3	BC48_H2	BC48_H2
BC48_H2-4-1	BC48_H2	BC48_H2
BC48_H2-4-2	BC48_H2	BC48_H2
BC48_H2-4-3	BC48_H2	BC48_H2
BC48_H2-5-1	BC48_H2	BC48_H2
BC48_H2-5-2	BC48_H2	BC48_H2
BC48_H2-5-3	BC48_H2	BC48_H2
BC48_H2-6-1	BC48_H2	BC48_H2
BC48_H2-6-2	BC48_H2	BC48_H2
BC48_H2-6-3	BC48_H2	BC48_H2
BC48_H2-7-1	BC48_H2	BC48_H2
BC48_H2-7-2	BC48_H2	BC48_H2
BC48_H2-7-3	BC48_H2	BC48_H2
BC48_H2-8-1	BC48_H2	BC48_H2
BC48_H2-8-2	BC48_H2	BC48_H2
BC48_H2-8-3	BC48_H2	BC48_H2
BC48_H2-9-1	BC48_H2	BC48_H2
BC48_H2-9-2	BC48_H2	BC48_H2
BC48_H2-9-3	BC48_H2	BC48_H2
BC48_H2-10-1	BC48_H2	BC48_H2
BC48_H2-10-2	BC48_H2	BC48_H2
BC48_H2-10-3	BC48_H2	BC48_H2
BC49_H23	BC49_H23	BC49_H23
BC49_H23-0-1	BC49_H23	BC49_H23
BC49_H23-0-2	BC49_H23	BC49_H23
BC49_H23-0-3	BC49_H23	BC49_H23
BC49_H23-1-1	BC49_H23	BC49_H23
BC49_H23-1-2	BC49_H23	BC49_H23
BC49_H23-1-3	BC49_H23	BC49_H23
BC49_H23-2-1	BC49_H23	BC49_H23
BC49_H23-2-2	BC49_H23	BC49_H23
BC49_H23-2-3	BC49_H23	BC49_H23
BC49_H23-3-1	BC49_H23	BC49_H23
BC49_H23-3-2	BC49_H23	BC49_H23
BC49_H23-3-3	BC49_H23	BC49_H23
BC49_H23-4-1	BC49_H23	BC49_H23
BC49_H23-4-2	BC49_H23	BC49_H23
BC49_H23-4-3	BC49_H23	BC49_H23
BC49_H23-5-1	BC49_H23	BC49_H23
BC49_H23-5-2	BC49_H23	BC49_H23
BC49_H23-5-3	BC49_H23	BC49_H23
BC49_H23-6-1	BC49_H23	BC49_H23
BC49_H23-6-2	BC49_H23	BC49_H23
BC49_H23-6-3	BC49_H23	BC49_H23
BC49_H23-7-1	BC49_H23	BC49_H23
BC49_H23-7-2	BC49_H23	BC49_H23
BC49_H23-7-3	BC49_H23	BC49_H23
BC49_H23-8-1	BC49_H23	BC49_H23
BC49_H23-8-2	BC49_H23	BC49_H23
BC49_H23-8-3	BC49_H23	BC49_H23
BC49_H23-9-1	BC49_H23	BC49_H23
BC49_H23-9-2	BC49_H23	BC49_H23
BC49_H23-9-3	BC49_H23	BC49_H23
BC49_H23-10-1	BC49_H23	BC49_H23
BC49_H23-10-2	BC49_H23	BC49_H23
BC49_H23-10-3	BC49_H23	BC49_H23
BC50_H23	BC50_H23	BC50_H23
BC50_H23-0-1	BC50_H23	BC50_H23
BC50_H23-0-2	BC50_H23	BC50_H23
BC50_H23-0-3	BC50_H23	BC50_H23
BC50_H23-1-1	BC50_H23	BC50_H23
BC50_H23-1-2	BC50_H23	BC50_H23
BC50_H23-1-3	BC50_H23	BC50_H23
BC50_H23-2-1	BC50_H23	BC50_H23
BC50_H23-2-2	BC50_H23	BC50_H23
BC50_H23-2-3	BC50_H23	BC50_H23
BC50_H23-3-1	BC50_H23	BC50_H23
BC50_H23-3-2	BC50_H23	BC50_H23
BC50_H23-3-3	BC50_H23	BC50_H23
BC50_H23-4-1	BC50_H23	BC50_H23
BC50_H23-4-2	BC50_H23	BC50_H23
BC50_H23-4-3	BC50_H23	BC50_H23
BC50_H23-5-1	BC50_H23	BC50_H23
BC50_H23-5-2	BC50_H23	BC50_H23
BC50_H23-5-3	BC50_H23	BC50_H23
BC50_H23-6-1	BC50_H23	BC50_H23
BC50_H23-6-2	BC50_H23	BC50_H23
BC50_H23-6-3	BC50_H23	BC50_H23
BC50_H23-7-1	BC50_H23	BC50_H23
BC50_H23-7-2	BC50_H23	BC50_H23
BC50_H23-7-3	BC50_H23	BC50_H23
BC50_H23-8-1	BC50_H23	BC50_H23
BC50_H23-8-2	BC50_H23	BC50_H23
BC50_H23-8-3	BC50_H23	BC50_H23
BC50_H23-9-1	BC50_H23	BC50_H23
BC50_H23-9-2	BC50_H23	BC50_H23
BC50_H23-9-3	BC50_H23	BC50_H23
BC50_H23-10-1	BC50_H23	BC50_H23
BC50_H23-10-2	BC50_H23	BC50_H23
BC50_H23-10-3	BC50_H23	BC50_H23
BC51_H23	BC51_H23	BC51_H23
BC51_H23-0-1	BC51_H23	BC51_H23
BC51_H23-0-2	BC51_H23	BC51_H23
BC51_H23-0-3	BC51_H23	BC51_H23
BC51_H23-1-1	BC51_H23	BC51_H23
BC51_H23-1-2	BC51_H23	BC51_H23
BC51_H23-1-3	BC51_H23	BC51_H23
BC51_H23-2-1	BC51_H23	BC51_H23
BC51_H23-2-2	BC51_H23	BC51_H23
BC51_H23-2-3	BC51_H23	BC51_H23
BC51_H23-3-1	BC51_H23	BC51_H23
BC51_H23-3-2	BC51_H23	BC51_H23
BC51_H23-3-3	BC51_H23	BC51_H23
BC51_H23-4-1	BC51_H23	BC51_H23
BC51_H23-4-2	BC51_H23	BC51_H23
BC51_H23-4-3	BC51_H23	BC51_H23
BC51_H23-5-1	BC51_H23	BC51_H23
BC51_H23-5-2	BC51_H23	BC51_H23
BC51_H23-5-3	BC51_H23	BC51_H23
BC51_H23-6-1	BC51_H23	BC51_H23
BC51_H23-6-2	BC51_H23	BC51_H23
BC51_H23-6-3	BC51_H23	BC51_H23
BC51_H23-7-1	BC51_H23	BC51_H23
BC51_H23-7-2	BC51_H23	BC51_H23
BC51_H23-7-3	BC51_H23	BC51_H23
BC51_H23-8-1	BC51_H23	BC51_H23
BC51_H23-8-2	BC51_H23	BC51_H23
BC51_H23-8-3	BC51_H23	BC51_H23
BC51_H23-9-1	BC51_H23	BC51_H23
BC51_H23-9-2	BC51_H23	BC51_H23
BC51_H23-9-3	BC51_H23	BC51_H23
BC51_H23-10-1	BC51_H23	BC51_H23
BC51_H23-10-2	BC51_H23	BC51_H23
BC51_H23-10-3	BC51_H23	BC51_H23
BC52_XX	BC52_XX	BC52_XX
BC52_XX-0-1	BC52_XX	BC52_XX
BC52_XX-0-2	BC52_XX	BC52_XX
BC52_XX-0-3	BC52_XX	BC52_XX
BC52_XX-1-1	BC52_XX	BC52_XX
BC52_XX-1-2	BC52_XX	BC52_XX
BC52_XX-1-3	BC52_XX	BC52_XX
BC52_XX-2-1	BC52_XX	BC52_XX
BC52_XX-2-2	BC52_XX	BC52_XX
BC52_XX-2-3	BC52_XX	BC52_XX
BC52_XX-3-1	BC52_XX	BC52_XX
BC52_XX-3-2	BC52_XX	BC52_XX
BC52_XX-3-3	BC52_XX	BC52_XX
BC52_XX-4-1	BC52_XX	BC52_XX
BC52_XX-4-2	BC52_XX	BC52_XX
BC52_XX-4-3	BC52_XX	BC52_XX
BC52_XX-5-1	BC52_XX	BC52_XX
BC52_XX-5-2	BC52_XX	BC52_XX
BC52_XX-5-3	BC52_XX	BC52_XX
BC52_XX-6-1	BC52_XX	BC52_XX
BC52_XX-6-2	BC52_XX	BC52_XX
BC52_XX-6-3	BC52_XX	BC52_XX
BC52_XX-7-1	BC52_XX	BC52_XX
BC52_XX-7-2	BC52_XX	BC52_XX
BC52_XX-7-3	BC52_XX	BC52_XX
BC52_XX-8-1	BC52_XX	BC52_XX
BC52_XX-8-2	BC52_XX	BC52_XX
BC52_XX-8-3	BC52_XX	BC52_XX
BC52_XX-9-1	BC52_XX	BC52_XX
BC52_XX-9-2	BC52_XX	BC52_XX
BC52_XX-9-3	BC52_XX	BC52_XX
BC52_XX-10-1	BC52_XX	BC52_XX
BC52_XX-10-2	BC52_XX	BC52_XX
BC52_XX-10-3	BC52_XX	BC52_XX
BC53_H23	BC53_H23	BC53_H23
BC53_H23-0-1	BC53_H23	BC53_H23
BC53_H23-0-2	BC53_H23	BC53_H23
BC53_H23-0-3	BC53_H23	BC53_H23
BC53_H23-1-1	BC53_H23	BC53_H23
BC53_H23-1-2	BC53_H23	BC53_H23
BC53_H23-1-3	BC53_H23	BC53_H23
BC53_H23-2-1	BC53_H23	BC53_H23
BC53_H23-2-2	BC53_H23	BC53_H23
BC53_H23-2-3	BC53_H23	BC53_H23
BC53_H23-3-1	BC53_H23	BC53_H23
BC53_H23-3-2	BC53_H23	BC53_H23
BC53_H23-3-3	BC53_H23	BC53_H23
BC53_H23-4-1	BC53_H23	BC53_H23
BC53_H23-4-2	BC53_H23	BC53_H23
BC53_H23-4-3	BC53_H23	BC53_H23
BC53_H23-5-1	BC53_H23	BC53_H23
BC53_H23-5-2	BC53_H23	BC53_H23
BC53_H23-5-3	BC53_H23	BC53_H23
BC53_H23-6-1	BC53_H23	BC53_H23
BC53_H23-6-2	BC53_H23	BC53_H23
BC53_H23-6-3	BC53_H23	BC53_H23
BC53_H23-7-1	BC53_H23	BC53_H23
BC53_H23-7-2	BC53_H23	BC53_H23
BC53_H23-7-3	BC53_H23	BC53_H23
BC53_H23-8-1	BC53_H23	BC53_H23
BC53_H23-8-2	BC53_H23	BC53_H23
BC53_H23-8-3	BC53_H23	BC53_H23
BC53_H23-9-1	BC53_H23	BC53_H23
BC53_H23-9-2	BC53_H23	BC53_H23
BC53_H23-9-3	BC53_H23	BC53_H23
BC53_H23-10-1	BC53_H23	BC53_H23
BC53_H23-10-2	BC53_H23	BC53_H23
BC53_H23-10-3	BC53_H23	BC53_H23
BC54_H23	BC54_H23	BC54_H23
BC54_H23-0-1	BC54_H23	BC54_H23
BC54_H23-0-2	BC54_H23	BC54_H23
BC54_H23-0-3	BC54_H23	BC54_H23
BC54_H23-1-1	BC54_H23	BC54_H23
BC54_H23-1-2	BC54_H23	BC54_H23
BC54_H23-1-3	BC54_H23	BC54_H23
BC54_H23-2-1	BC54_H23	BC54_H23
BC54_H23-2-2	BC54_H23	BC54_H23
BC54_H23-2-3	BC54_H23	BC54_H23
BC54_H23-3-1	BC54_H23	BC54_H23
BC54_H23-3-2	BC54_H23	BC54_H23
BC54_H23-3-3	BC54_H23	BC54_H23
BC54_H23-4-1	BC54_H23	BC54_H23
BC54_H23-4-2	BC54_H23	BC54_H23
BC54_H23-4-3	BC54_H23	BC54_H23
BC54_H23-5-1	BC54_H23	BC54_H23
BC54_H23-5-2	BC54_H23	BC54_H23
BC54_H23-5-3	BC54_H23	BC54_H23
BC54_H23-6-1	BC54_H23	BC54_H23
BC54_H23-6-2	BC54_H23	BC54_H23
BC54_H23-6-3	BC54_H23	BC54_H23
BC54_H23-7-1	BC54_H23	BC54_H23
BC54_H23-7-2	BC54_H23	BC54_H23
BC54_H23-7-3	BC54_H23	BC54_H23
BC54_H23-8-1	BC54_H23	BC54_H23
BC54_H23-8-2	BC54_H23	BC54_H23
BC54_H23-8-3	BC54_H23	BC54_H23
BC54_H23-9-1	BC54_H23	BC54_H23
BC54_H23-9-2	BC54_H23	BC54_H23
BC54_H23-9-3	BC54_H23	BC54_H23
BC54_H23-10-1	BC54_H23	BC54_H23
BC54_H23-10-2	BC54_H23	BC54_H23
BC54_H23-10-3	BC54_H23	BC54_H23
BC55_H23	BC55_H23	BC55_H23
BC55_H23-0-1	BC55_H23	BC55_H23
BC55_H23-0-2	BC55_H23	BC55_H23
BC55_H23-0-3	BC55_H23	BC55_H23
BC55_H23-1-1	BC55_H23	BC55_H23
BC55_H23-1-2	BC55_H23	BC55_H23
BC55_H23-1-3	BC55_H23	BC55_H23
BC55_H23-2-1	BC55_H23	BC55_H23
BC55_H23-2-2	BC55_H23	BC55_H23
BC55_H23-2-3	BC55_H23	BC55_H23
BC55_H23-3-1	BC55_H23	BC55_H23
BC55_H23-3-2	BC55_H23	BC55_H23
BC55_H23-3-3	BC55_H23	BC55_H23
BC55_H23-4-1	BC55_H23	BC55_H23
BC55_H23-4-2	BC55_H23	BC55_H23
BC55_H23-4-3	BC55_H23	BC55_H23
BC55_H23-5-1	BC55_H23	BC55_H23
BC55_H23-5-2	BC55_H23	BC55_H23
BC55_H23-5-3	BC55_H23	BC55_H23
BC55_H23-6-1	BC55_H23	BC55_H23
BC55_H23-6-2	BC55_H23	BC55_H23
BC55_H23-6-3	BC55_H23	BC55_H23
BC55_H23-7-1	BC55_H23	BC55_H23
BC55_H23-7-2	BC55_H23	BC55_H23
BC55_H23-7-3	BC55_H23	BC55_H23
BC55_H23-8-1	BC55_H23	BC55_H23
BC55_H23-8-2	BC55_H23	BC55_H23
BC55_H23-8-3	BC55_H23	BC55_H23
BC55_H23-9-1	BC55_H23	BC55_H23
BC55_H23-9-2	BC55_H23	BC55_H23
BC55_H23-9-3	BC55_H23	BC55_H23
BC55_H23-10-1	BC55_H23	BC55_H23
BC55_H23-10-2	BC55_H23	BC55_H23
BC55_H23-10-3	BC55_H23	BC55_H23
BC56_H23	BC56_H23	BC56_H23
BC56_H23-0-1	BC56_H23	BC56_H23
BC56_H23-0-2	BC56_H23	BC56_H23
BC56_H23-0-3	BC56_H23	BC56_H23
BC56_H23-1-1	BC56_H23	BC56_H23
BC56_H23-1-2	BC56_H23	BC56_H23
BC56_H23-1-3	BC56_H23	BC56_H23
BC56_H23-2-1	BC56_H23	BC56_H23
BC56_H23-2-2	BC56_H23	BC56_H23
BC56_H23-2-3	BC56_H23	BC56_H23
BC56_H23-3-1	BC56_H23	BC56_H23
BC56_H23-3-2	BC56_H23	BC56_H23
BC56_H23-3-3	BC56_H23	BC56_H23
BC56_H23-4-1	BC56_H23	BC56_H23
BC56_H23-4-2	BC56_H23	BC56_H23
BC56_H23-4-3	BC56_H23	BC56_H23
BC56_H23-5-1	BC56_H23	BC56_H23
BC56_H23-5-2	BC56_H23	BC56_H23
BC56_H23-5-3	BC56_H23	BC56_H23
BC56_H23-6-1	BC56_H23	BC56_H23
BC56_H23-6-2	BC56_H23	BC56_H23
BC56_H23-6-3	BC56_H23	BC56_H23
BC56_H23-7-1	BC56_H23	BC56_H23
BC56_H23-7-2	BC56_H23	BC56_H23
BC56_H23-7-3	BC56_H23	BC56_H23
BC56_H23-8-1	BC56_H23	BC56_H23
BC56_H23-8-2	BC56_H23	BC56_H23
BC56_H23-8-3	BC56_H23	BC56_H23
BC56_H23-9-1	BC56_H23	BC56_H23
BC56_H23-9-2	BC56_H23	BC56_H23
BC56_H23-9-3	BC56_H23	BC56_H23
BC56_H23-10-1	BC56_H23	BC56_H23
BC56_H23-10-2	BC56_H23	BC56_H23
BC56_H23-10-3	BC56_H23	BC56_H23
BC57_H1	BC57_H1	BC57_H1
BC57_H1-0-1	BC57_H1	BC57_H1
BC57_H1-0-2	BC57_H1	BC57_H1
BC57_H1-0-3	BC57_H1	BC57_H1
BC57_H1-1-1	BC57_H1	BC57_H1
BC57_H1-1-2	BC57_H1	BC57_H1
BC57_H1-1-3	BC57_H1	BC57_H1
BC57_H1-2-1	BC57_H1	BC57_H1
BC57_H1-2-2	BC57_H1	BC57_H1
BC57_H1-2-3	BC57_H1	BC57_H1
BC57_H1-3-1	BC57_H1	BC57_H1
BC57_H1-3-2	BC57_H1	BC57_H1
BC57_H1-3-3	BC57_H1	BC57_H1
BC57_H1-4-1	BC57_H1	BC57_H1
BC57_H1-4-2	BC57_H1	BC57_H1
BC57_H1-4-3	BC57_H1	BC57_H1
BC57_H1-5-1	BC57_H1	BC57_H1
BC57_H1-5-2	BC57_H1	BC57_H1
BC57_H1-5-3	BC57_H1	BC57_H1
BC57_H1-6-1	BC57_H1	BC57_H1
BC57_H1-6-2	BC57_H1	BC57_H1
BC57_H1-6-3	BC57_H1	BC57_H1
BC57_H1-7-1	BC57_H1	BC57_H1
BC57_H1-7-2	BC57_H1	BC57_H1
BC57_H1-7-3	BC57_H1	BC57_H1
BC57_H1-8-1	BC57_H1	BC57_H1
BC57_H1-8-2	BC57_H1	BC57_H1
BC57_H1-8-3	BC57_H1	BC57_H1
BC57_H1-9-1	BC57_H1	BC57_H1
BC57_H1-9-2	BC57_H1	BC57_H1
BC57_H1-9-3	BC57_H1	BC57_H1
BC57_H1-10-1	BC57_H1	BC57_H1
BC57_H1-10-2	BC57_H1	BC57_H1
BC57_H1-10-3	BC57_H1	BC57_H1
BC58_H1	BC58_H1	BC58_H1
BC58_H1-0-1	BC58_H1	BC58_H1
BC58_H1-0-2	BC58_H1	BC58_H1
BC58_H1-0-3	BC58_H1	BC58_H1
BC58_H1-1-1	BC58_H1	BC58_H1
BC58_H1-1-2	BC58_H1	BC58_H1
BC58_H1-1-3	BC58_H1	BC58_H1
BC58_H1-2-1	BC58_H1	BC58_H1
BC58_H1-2-2	BC58_H1	BC58_H1
BC58_H1-2-3	BC58_H1	BC58_H1
BC58_H1-3-1	BC58_H1	BC58_H1
BC58_H1-3-2	BC58_H1	BC58_H1
BC58_H1-3-3	BC58_H1	BC58_H1
BC58_H1-4-1	BC58_H1	BC58_H1
BC58_H1-4-2	BC58_H1	BC58_H1
BC58_H1-4-3	BC58_H1	BC58_H1
BC58_H1-5-1	BC58_H1	BC58_H1
BC58_H1-5-2	BC58_H1	BC58_H1
BC58_H1-5-3	BC58_H1	BC58_H1
BC58_H1-6-1	BC58_H1	BC58_H1
BC58_H1-6-2	BC58_H1	BC58_H1
BC58_H1-6-3	BC58_H1	BC58_H1
BC58_H1-7-1	BC58_H1	BC58_H1
BC58_H1-7-2	BC58_H1	BC58_H1
BC58_H1-7-3	BC58_H1	BC58_H1
BC58_H1-8-1	BC58_H1	BC58_H1
BC58_H1-8-2	BC58_H1	BC58_H1
BC58_H1-8-3	BC58_H1	BC58_H1
BC58_H1-9-1	BC58_H1	BC58_H1
BC58_H1-9-2	BC58_H1	BC58_H1
BC58_H1-9-3	BC58_H1	BC58_H1
BC58_H1-10-1	BC58_H1	BC58_H1
BC58_H1-10-2	BC58_H1	BC58_H1
BC58_H1-10-3	BC58_H1	BC58_H1
BC59_H1	BC59_H1	BC59_H1
BC59_H1-0-1	BC59_H1	BC59_H1
BC59_H1-0-2	BC59_H1	BC59_H1
BC59_H1-0-3	BC59_H1	BC59_H1
BC59_H1-1-1	BC59_H1	BC59_H1
BC59_H1-1-2	BC59_H1	BC59_H1
BC59_H1-1-3	BC59_H1	BC59_H1
BC59_H1-2-1	BC59_H1	BC59_H1
BC59_H1-2-2	BC59_H1	BC59_H1
BC59_H1-2-3	BC59_H1	BC59_H1
BC59_H1-3-1	BC59_H1	BC59_H1
BC59_H1-3-2	BC59_H1	BC59_H1
BC59_H1-3-3	BC59_H1	BC59_H1
BC59_H1-4-1	BC59_H1	BC59_H1
BC59_H1-4-2	BC59_H1	BC59_H1
BC59_H1-4-3	BC59_H1	BC59_H1
BC59_H1-5-1	BC59_H1	BC59_H1
BC59_H1-5-2	BC59_H1	BC59_H1
BC59_H1-5-3	BC59_H1	BC59_H1
BC59_H1-6-1	BC59_H1	BC59_H1
BC59_H1-6-2	BC59_H1	BC59_H1
BC59_H1-6-3	BC59_H1	BC59_H1
BC59_H1-7-1	BC59_H1	BC59_H1
BC59_H1-7-2	BC59_H1	BC59_H1
BC59_H1-7-3	BC59_H1	BC59_H1
BC59_H1-8-1	BC59_H1	BC59_H1
BC59_H1-8-2	BC59_H1	BC59_H1
BC59_H1-8-3	BC59_H1	BC59_H1
BC59_H1-9-1	BC59_H1	BC59_H1
BC59_H1-9-2	BC59_H1	BC59_H1
BC59_H1-9-3	BC59_H1	BC59_H1
BC59_H1-10-1	BC59_H1	BC59_H1
BC59_H1-10-2	BC59_H1	BC59_H1
BC59_H1-10-3	BC59_H1	BC59_H1
BC60_H1	BC60_H1	BC60_H1
BC60_H1-0-1	BC60_H1	BC60_H1
BC60_H1-0-2	BC60_H1	BC60_H1
BC60_H1-0-3	BC60_H1	BC60_H1
BC60_H1-1-1	BC60_H1	BC60_H1
BC60_H1-1-2	BC60_H1	BC60_H1
BC60_H1-1-3	BC60_H1	BC60_H1
BC60_H1-2-1	BC60_H1	BC60_H1
BC60_H1-2-2	BC60_H1	BC60_H1
BC60_H1-2-3	BC60_H1	BC60_H1
BC60_H1-3-1	BC60_H1	BC60_H1
BC60_H1-3-2	BC60_H1	BC60_H1
BC60_H1-3-3	BC60_H1	BC60_H1
BC60_H1-4-1	BC60_H1	BC60_H1
BC60_H1-4-2	BC60_H1	BC60_H1
BC60_H1-4-3	BC60_H1	BC60_H1
BC60_H1-5-1	BC60_H1	BC60_H1
BC60_H1-5-2	BC60_H1	BC60_H1
BC60_H1-5-3	BC60_H1	BC60_H1
BC60_H1-6-1	BC60_H1	BC60_H1
BC60_H1-6-2	BC60_H1	BC60_H1
BC60_H1-6-3	BC60_H1	BC60_H1
BC60_H1-7-1	BC60_H1	BC60_H1
BC60_H1-7-2	BC60_H1	BC60_H1
BC60_H1-7-3	BC60_H1	BC60_H1
BC60_H1-8-1	BC60_H1	BC60_H1
BC60_H1-8-2	BC60_H1	BC60_H1
BC60_H1-8-3	BC60_H1	BC60_H1
BC60_H1-9-1	BC60_H1	BC60_H1
BC60_H1-9-2	BC60_H1	BC60_H1
BC60_H1-9-3	BC60_H1	BC60_H1
BC60_H1-10-1	BC60_H1	BC60_H1
BC60_H1-10-2	BC60_H1	BC60_H1
BC60_H1-10-3	BC60_H1	BC60_H1
