gene	transcript	orthogroup	species	gene_module
Tadh_wf_g4961	Tadh_wf_g4961.t1	OG_5432	Tadh	Tadh.royalblue
Tadh_TriadG60706	Tadh_TriadT60706	OG_4547	Tadh	Tadh.royalblue
Tadh_wf_g9945	Tadh_wf_g9945.t1	OG_4218	Tadh	Tadh.royalblue
Tadh_TriadG54902	Tadh_TriadT54902	OG_8293	Tadh	Tadh.royalblue
Tadh_wf_g9901	Tadh_wf_g9901.t1	OG_10362	Tadh	Tadh.royalblue
Tadh_wf_g3901	Tadh_wf_g3901.t1	OG_5434	Tadh	Tadh.royalblue
Tadh_wf_g6584	Tadh_wf_g6584.t1	OG_8674	Tadh	Tadh.royalblue
Tadh_TriadG58780	Tadh_TriadT58780	OG_6407	Tadh	Tadh.royalblue
Tadh_TriadG56059	Tadh_TriadT56059	OG_4217	Tadh	Tadh.royalblue
Tadh_TriadG57627	Tadh_TriadT57627	OG_8095	Tadh	Tadh.royalblue
Tadh_wf_g322	Tadh_wf_g322.t1	OG_10730	Tadh	Tadh.royalblue
Tadh_TriadG62788	Tadh_TriadT62788	OG_9625	Tadh	Tadh.royalblue
Tadh_wf_g10331	Tadh_wf_g10331.t1	OG_5150	Tadh	Tadh.royalblue
Tadh_wf_g6450	Tadh_wf_g6450.t1	OG_8624	Tadh	Tadh.royalblue
Tadh_TriadG60708	Tadh_TriadT60708	OG_3009	Tadh	Tadh.royalblue
Tadh_wf_g8704	Tadh_wf_g8704.t1	OG_1926	Tadh	Tadh.royalblue
Tadh_TriadG62193	Tadh_TriadT62193	OG_4085	Tadh	Tadh.royalblue
Tadh_TriadG33908	Tadh_TriadT33908	OG_8060	Tadh	Tadh.royalblue
Tadh_TriadG58847	Tadh_TriadT58847	OG_4528	Tadh	Tadh.royalblue
Tadh_TriadG61748	Tadh_TriadT61748	OG_9065	Tadh	Tadh.royalblue
Tadh_TriadG60875	Tadh_TriadT60875	OG_8191	Tadh	Tadh.royalblue
Tadh_TriadG52633	Tadh_TriadT52633	OG_4712	Tadh	Tadh.royalblue
Tadh_wf_g4931	Tadh_wf_g4931.t1	OG_4218	Tadh	Tadh.royalblue
Tadh_TriadG56431	Tadh_TriadT56431	OG_7562	Tadh	Tadh.royalblue
Tadh_TriadG61059	Tadh_TriadT61059	OG_300	Tadh	Tadh.royalblue
Tadh_TriadG58663	Tadh_TriadT58663	OG_3922	Tadh	Tadh.royalblue
Tadh_wf_g11624	Tadh_wf_g11624.t1	OG_4561	Tadh	Tadh.royalblue
Tadh_TriadG58723	Tadh_TriadT58723	OG_4981	Tadh	Tadh.royalblue
Tadh_TriadG58722	Tadh_TriadT58722	OG_4983	Tadh	Tadh.royalblue
Tadh_TriadG29265	Tadh_TriadT29265	OG_9065	Tadh	Tadh.royalblue
Tadh_wf_g9559	Tadh_wf_g9559.t1	OG_6482	Tadh	Tadh.royalblue
Tadh_wf_g7550	Tadh_wf_g7550.t1	OG_3922	Tadh	Tadh.royalblue
Tadh_TriadG7436	Tadh_TriadT7436	OG_9409	Tadh	Tadh.royalblue
Tadh_wf_g10490	Tadh_wf_g10490.t1	OG_5118	Tadh	Tadh.royalblue
Tadh_TriadG63780	Tadh_TriadT63780	OG_5219	Tadh	Tadh.royalblue
Tadh_TriadG25521	Tadh_TriadT25521	OG_1447	Tadh	Tadh.royalblue
Tadh_TriadG55856	Tadh_TriadT55856	OG_6835	Tadh	Tadh.royalblue
Tadh_TriadG55386	Tadh_TriadT55386	OG_9972	Tadh	Tadh.royalblue
Tadh_wf_g9895	Tadh_wf_g9895.t1	OG_10359	Tadh	Tadh.royalblue
Tadh_TriadG58580	Tadh_TriadT58580	OG_3130	Tadh	Tadh.royalblue
Tadh_wf_g9288	Tadh_wf_g9288.t1	OG_4397	Tadh	Tadh.royalblue
Tadh_TriadG61467	Tadh_TriadT61467	OG_2451	Tadh	Tadh.royalblue
Tadh_wf_g11194	Tadh_wf_g11194.t1	OG_4216	Tadh	Tadh.royalblue
Tadh_TriadG62229	Tadh_TriadT62229	OG_2854	Tadh	Tadh.royalblue
Tadh_TriadG61437	Tadh_TriadT61437	OG_5121	Tadh	Tadh.royalblue
Tadh_TriadG62230	Tadh_TriadT62230	OG_8153	Tadh	Tadh.royalblue
Tadh_wf_g11295	Tadh_wf_g11295.t1	OG_4085	Tadh	Tadh.royalblue
Tadh_TriadG61310	Tadh_TriadT61310	OG_4839	Tadh	Tadh.royalblue
Tadh_wf_g8472	Tadh_wf_g8472.t1	OG_4774	Tadh	Tadh.royalblue
Tadh_TriadG24356	Tadh_TriadT24356	OG_4217	Tadh	Tadh.royalblue
Tadh_wf_g9287	Tadh_wf_g9287.t1	OG_4397	Tadh	Tadh.royalblue
Tadh_TriadG55893	Tadh_TriadT55893	OG_6397	Tadh	Tadh.royalblue
Tadh_TriadG29444	Tadh_TriadT29444	OG_5720	Tadh	Tadh.royalblue
Tadh_wf_g8211	Tadh_wf_g8211.t1	OG_3216	Tadh	Tadh.royalblue
Tadh_wf_g9975	Tadh_wf_g9975.t1	OG_5681	Tadh	Tadh.royalblue
Tadh_wf_g1259	Tadh_wf_g1259.t1	OG_1238	Tadh	Tadh.royalblue
Tadh_TriadG58150	Tadh_TriadT58150	OG_7841	Tadh	Tadh.royalblue
Tadh_TriadG56556	Tadh_TriadT56556	OG_7976	Tadh	Tadh.royalblue
Tadh_TriadG27560	Tadh_TriadT27560	OG_9834	Tadh	Tadh.royalblue
Tadh_TriadG60201	Tadh_TriadT60201	OG_3990	Tadh	Tadh.royalblue
Tadh_TriadG57482	Tadh_TriadT57482	OG_508	Tadh	Tadh.royalblue
Tadh_TriadG3154	Tadh_TriadT3154	OG_4394	Tadh	Tadh.royalblue
Tadh_TriadG27475	Tadh_TriadT27475	OG_6520	Tadh	Tadh.royalblue
Tadh_TriadG59200	Tadh_TriadT59200	OG_6580	Tadh	Tadh.royalblue
Tadh_wf_g6104	Tadh_wf_g6104.t1	OG_2895	Tadh	Tadh.orange
Tadh_TriadG60138	Tadh_TriadT60138	OG_4769	Tadh	Tadh.orange
Tadh_TriadG54794	Tadh_TriadT54794	OG_10388	Tadh	Tadh.orange
Tadh_TriadG58578	Tadh_TriadT58578	OG_6263	Tadh	Tadh.orange
Tadh_TriadG55426	Tadh_TriadT55426	OG_6852	Tadh	Tadh.orange
Tadh_TriadG29209	Tadh_TriadT29209	OG_5689	Tadh	Tadh.orange
Tadh_TriadG55427	Tadh_TriadT55427	OG_6852	Tadh	Tadh.orange
Tadh_TriadG60050	Tadh_TriadT60050	OG_5436	Tadh	Tadh.orange
Tadh_TriadG57800	Tadh_TriadT57800	OG_1798	Tadh	Tadh.orange
Tadh_TriadG54312	Tadh_TriadT54312	OG_9412	Tadh	Tadh.orange
Tadh_TriadG58904	Tadh_TriadT58904	OG_3936	Tadh	Tadh.orange
Tadh_wf_g11505	Tadh_wf_g11505.t1	OG_2914	Tadh	Tadh.orange
Tadh_TriadG58779	Tadh_TriadT58779	OG_8715	Tadh	Tadh.orange
Tadh_TriadG62195	Tadh_TriadT62195	OG_5302	Tadh	Tadh.orange
Tadh_wf_g3890	Tadh_wf_g3890.t1	OG_4397	Tadh	Tadh.orange
Tadh_TriadG56128	Tadh_TriadT56128	OG_5434	Tadh	Tadh.orange
Tadh_TriadG57467	Tadh_TriadT57467	OG_515	Tadh	Tadh.orange
Tadh_wf_g3134	Tadh_wf_g3134.t1	OG_6608	Tadh	Tadh.orange
Tadh_wf_g4285	Tadh_wf_g4285.t1	OG_9907	Tadh	Tadh.orange
Tadh_wf_g4696	Tadh_wf_g4696.t1	OG_6399	Tadh	Tadh.orange
Tadh_TriadG55895	Tadh_TriadT55895	OG_6396	Tadh	Tadh.orange
Tadh_wf_g9148	Tadh_wf_g9148.t1	OG_1414	Tadh	Tadh.orange
Tadh_TriadG17959	Tadh_TriadT17959	OG_6228	Tadh	Tadh.orange
Tadh_TriadG16609	Tadh_TriadT16609	OG_7434	Tadh	Tadh.orange
Tadh_TriadG61025	Tadh_TriadT61025	OG_4570	Tadh	Tadh.orange
Tadh_wf_g10800	Tadh_wf_g10800.t1	OG_4221	Tadh	Tadh.orange
Tadh_TriadG63847	Tadh_TriadT63847	OG_7877	Tadh	Tadh.orange
Tadh_TriadG57364	Tadh_TriadT57364	OG_3854	Tadh	Tadh.orange
Tadh_wf_g6799	Tadh_wf_g6799.t1	OG_2870	Tadh	Tadh.orange
Tadh_TriadG59005	Tadh_TriadT59005	OG_8825	Tadh	Tadh.orange
Tadh_TriadG24886	Tadh_TriadT24886	OG_3080	Tadh	Tadh.orange
Tadh_TriadG59946	Tadh_TriadT59946	OG_4234	Tadh	Tadh.orange
Tadh_TriadG61436	Tadh_TriadT61436	OG_5119	Tadh	Tadh.orange
Tadh_TriadG58992	Tadh_TriadT58992	OG_5725	Tadh	Tadh.orange
Tadh_TriadG61553	Tadh_TriadT61553	OG_7648	Tadh	Tadh.orange
Tadh_wf_g9283	Tadh_wf_g9283.t1	OG_7675	Tadh	Tadh.orange
Tadh_TriadG57843	Tadh_TriadT57843	OG_2664	Tadh	Tadh.orange
Tadh_TriadG52760	Tadh_TriadT52760	OG_4335	Tadh	Tadh.orange
Tadh_TriadG55153	Tadh_TriadT55153	OG_8510	Tadh	Tadh.orange
Tadh_TriadG60020	Tadh_TriadT60020	OG_2734	Tadh	Tadh.orange
Tadh_TriadG17913	Tadh_TriadT17913	OG_7931	Tadh	Tadh.orange
Tadh_wf_g11257	Tadh_wf_g11257.t1	OG_4081	Tadh	Tadh.orange
Tadh_TriadG29301	Tadh_TriadT29301	OG_7435	Tadh	Tadh.orange
Tadh_TriadG59012	Tadh_TriadT59012	OG_6116	Tadh	Tadh.orange
Tadh_wf_g7884	Tadh_wf_g7884.t1	OG_5725	Tadh	Tadh.orange
Tadh_wf_g3615	Tadh_wf_g3615.t1	OG_3736	Tadh	Tadh.orange
Tadh_TriadG58236	Tadh_TriadT58236	OG_6166	Tadh	Tadh.orange
Tadh_TriadG31923	Tadh_TriadT31923	OG_10539	Tadh	Tadh.orange
Tadh_TriadG63806	Tadh_TriadT63806	OG_5468	Tadh	Tadh.orange
Tadh_TriadG54155	Tadh_TriadT54155	OG_5528	Tadh	Tadh.orange
Tadh_TriadG14211	Tadh_TriadT14211	OG_10142	Tadh	Tadh.orange
Tadh_TriadG58445	Tadh_TriadT58445	OG_292	Tadh	Tadh.orange
Tadh_wf_g6816	Tadh_wf_g6816.t1	OG_5064	Tadh	Tadh.orange
Tadh_TriadG60666	Tadh_TriadT60666	OG_3003	Tadh	Tadh.orange
Tadh_TriadG61708	Tadh_TriadT61708	OG_8003	Tadh	Tadh.orange
Tadh_wf_g12411	Tadh_wf_g12411.t1	OG_9292	Tadh	Tadh.orange
Tadh_TriadG62122	Tadh_TriadT62122	OG_2826	Tadh	Tadh.orange
Tadh_TriadG34020	Tadh_TriadT34020	OG_8007	Tadh	Tadh.orange
Tadh_TriadG27379	Tadh_TriadT27379	OG_3250	Tadh	Tadh.orange
Tadh_TriadG4567	Tadh_TriadT4567	OG_10760	Tadh	Tadh.orange
Tadh_TriadG55118	Tadh_TriadT55118	OG_2008	Tadh	Tadh.orange
Tadh_TriadG32795	Tadh_TriadT32795	OG_10000	Tadh	Tadh.orange
Tadh_TriadG28654	Tadh_TriadT28654	OG_3161	Tadh	Tadh.orange
Tadh_TriadG58343	Tadh_TriadT58343	OG_9492	Tadh	Tadh.orange
Tadh_TriadG57186	Tadh_TriadT57186	OG_9076	Tadh	Tadh.orange
Tadh_TriadG60568	Tadh_TriadT60568	OG_2385	Tadh	Tadh.orange
Tadh_TriadG31828	Tadh_TriadT31828	OG_4018	Tadh	Tadh.orange
Tadh_TriadG57131	Tadh_TriadT57131	OG_8951	Tadh	Tadh.orange
Tadh_TriadG60971	Tadh_TriadT60971	OG_8175	Tadh	Tadh.orange
Tadh_TriadG50786	Tadh_TriadT50786	OG_9707	Tadh	Tadh.orange
TrH2_TrispH2_009001	TrH2_TrispH2_009001-RA	OG_7562	TrH2	TrH2.salmon4
TrH2_TrispH2_011175	TrH2_TrispH2_011175-RA	OG_5302	TrH2	TrH2.salmon4
TrH2_TrispH2_007501	TrH2_TrispH2_007501-RA	OG_8293	TrH2	TrH2.salmon4
TrH2_TrispH2_010483	TrH2_TrispH2_010483-RA	OG_6835	TrH2	TrH2.salmon4
TrH2_TrispH2_000293	TrH2_TrispH2_000293-RA	OG_5914	TrH2	TrH2.salmon4
TrH2_TrispH2_009191	TrH2_TrispH2_009191-RA	OG_300	TrH2	TrH2.salmon4
TrH2_TrispH2_010103	TrH2_TrispH2_010103-RA	OG_4774	TrH2	TrH2.salmon4
TrH2_TrispH2_009844	TrH2_TrispH2_009844-RA	OG_5335	TrH2	TrH2.salmon4
TrH2_TrispH2_001221	TrH2_TrispH2_001221-RA	OG_7793	TrH2	TrH2.salmon4
TrH2_TrispH2_008859	TrH2_TrispH2_008859-RA	OG_10362	TrH2	TrH2.salmon4
TrH2_TrispH2_006525	TrH2_TrispH2_006525-RA	OG_4981	TrH2	TrH2.salmon4
TrH2_TrispH2_003569	TrH2_TrispH2_003569-RA	OG_2451	TrH2	TrH2.salmon4
TrH2_TrispH2_011288	TrH2_TrispH2_011288-RA	OG_4085	TrH2	TrH2.salmon4
TrH2_TrispH2_007473	TrH2_TrispH2_007473-RA	OG_4548	TrH2	TrH2.salmon4
TrH2_TrispH2_009804	TrH2_TrispH2_009804-RA	OG_9409	TrH2	TrH2.salmon4
TrH2_TrispH2_001083	TrH2_TrispH2_001083-RA	OG_1447	TrH2	TrH2.salmon4
TrH2_TrispH2_008852	TrH2_TrispH2_008852-RA	OG_10359	TrH2	TrH2.salmon4
TrH2_TrispH2_002168	TrH2_TrispH2_002168-RA	OG_10388	TrH2	TrH2.salmon4
TrH2_TrispH2_000180	TrH2_TrispH2_000180-RA	OG_1238	TrH2	TrH2.salmon4
TrH2_TrispH2_011426	TrH2_TrispH2_011426-RA	OG_10631	TrH2	TrH2.salmon4
TrH2_TrispH2_004586	TrH2_TrispH2_004586-RA	OG_10301	TrH2	TrH2.salmon4
TrH2_TrispH2_002236	TrH2_TrispH2_002236-RA	OG_3740	TrH2	TrH2.salmon4
TrH2_TrispH2_008660	TrH2_TrispH2_008660-RA	OG_3624	TrH2	TrH2.salmon4
TrH2_TrispH2_003924	TrH2_TrispH2_003924-RA	OG_6605	TrH2	TrH2.salmon4
TrH2_TrispH2_001314	TrH2_TrispH2_001314-RA	OG_10142	TrH2	TrH2.salmon4
TrH2_TrispH2_000685	TrH2_TrispH2_000685-RA	OG_4305	TrH2	TrH2.salmon4
TrH2_TrispH2_006783	TrH2_TrispH2_006783-RA	OG_5720	TrH2	TrH2.salmon4
TrH2_TrispH2_001305	TrH2_TrispH2_001305-RA	OG_10147	TrH2	TrH2.salmon4
TrH2_TrispH2_005654	TrH2_TrispH2_005654-RA	OG_6301	TrH2	TrH2.salmon4
TrH2_TrispH2_004736	TrH2_TrispH2_004736-RA	OG_6852	TrH2	TrH2.yellowgreen
TrH2_TrispH2_010015	TrH2_TrispH2_010015-RA	OG_5031	TrH2	TrH2.yellowgreen
TrH2_TrispH2_003872	TrH2_TrispH2_003872-RA	OG_9412	TrH2	TrH2.yellowgreen
TrH2_TrispH2_002771	TrH2_TrispH2_002771-RA	OG_131	TrH2	TrH2.yellowgreen
TrH2_TrispH2_010017	TrH2_TrispH2_010017-RA	OG_4873	TrH2	TrH2.yellowgreen
TrH2_TrispH2_006703	TrH2_TrispH2_006703-RA	OG_6397	TrH2	TrH2.yellowgreen
TrH2_TrispH2_007040	TrH2_TrispH2_007040-RA	OG_4234	TrH2	TrH2.yellowgreen
TrH2_TrispH2_011716	TrH2_TrispH2_011716-RA	OG_5436	TrH2	TrH2.yellowgreen
TrH2_TrispH2_006605	TrH2_TrispH2_006605-RA	OG_6263	TrH2	TrH2.yellowgreen
TrH2_TrispH2_007154	TrH2_TrispH2_007154-RA	OG_7234	TrH2	TrH2.yellowgreen
TrH2_TrispH2_011922	TrH2_TrispH2_011922-RA	OG_9862	TrH2	TrH2.yellowgreen
TrH2_TrispH2_006449	TrH2_TrispH2_006449-RA	OG_10236	TrH2	TrH2.yellowgreen
TrH2_TrispH2_011561	TrH2_TrispH2_011561-RA	OG_4085	TrH2	TrH2.yellowgreen
TrH2_TrispH2_011994	TrH2_TrispH2_011994-RA	OG_6137	TrH2	TrH2.yellowgreen
TrH2_TrispH2_003672	TrH2_TrispH2_003672-RA	OG_3936	TrH2	TrH2.yellowgreen
TrH2_TrispH2_005296	TrH2_TrispH2_005296-RA	OG_1798	TrH2	TrH2.yellowgreen
TrH2_TrispH2_009925	TrH2_TrispH2_009925-RA	OG_4900	TrH2	TrH2.yellowgreen
TrH2_TrispH2_004696	TrH2_TrispH2_004696-RA	OG_9972	TrH2	TrH2.yellowgreen
TrH2_TrispH2_000750	TrH2_TrispH2_000750-RA	OG_1414	TrH2	TrH2.yellowgreen
TrH2_TrispH2_001948	TrH2_TrispH2_001948-RA	OG_7434	TrH2	TrH2.yellowgreen
TrH2_TrispH2_001124	TrH2_TrispH2_001124-RA	OG_1183	TrH2	TrH2.yellowgreen
TrH2_TrispH2_010400	TrH2_TrispH2_010400-RA	OG_4570	TrH2	TrH2.yellowgreen
TrH2_TrispH2_000701	TrH2_TrispH2_000701-RA	OG_4769	TrH2	TrH2.yellowgreen
TrH2_TrispH2_007315	TrH2_TrispH2_007315-RA	OG_515	TrH2	TrH2.yellowgreen
TrH2_TrispH2_003705	TrH2_TrispH2_003705-RA	OG_3786	TrH2	TrH2.yellowgreen
TrH2_TrispH2_010562	TrH2_TrispH2_010562-RA	OG_8797	TrH2	TrH2.yellowgreen
TrH2_TrispH2_004474	TrH2_TrispH2_004474-RA	OG_6166	TrH2	TrH2.yellowgreen
TrH2_TrispH2_007153	TrH2_TrispH2_007153-RA	OG_7235	TrH2	TrH2.yellowgreen
TrH2_TrispH2_003533	TrH2_TrispH2_003533-RA	OG_5119	TrH2	TrH2.yellowgreen
TrH2_TrispH2_008565	TrH2_TrispH2_008565-RA	OG_292	TrH2	TrH2.yellowgreen
TrH2_TrispH2_003386	TrH2_TrispH2_003386-RA	OG_4642	TrH2	TrH2.yellowgreen
TrH2_TrispH2_010505	TrH2_TrispH2_010505-RA	OG_4222	TrH2	TrH2.yellowgreen
TrH2_TrispH2_009825	TrH2_TrispH2_009825-RA	OG_4221	TrH2	TrH2.yellowgreen
TrH2_TrispH2_002053	TrH2_TrispH2_002053-RA	OG_5689	TrH2	TrH2.yellowgreen
TrH2_TrispH2_004430	TrH2_TrispH2_004430-RA	OG_9907	TrH2	TrH2.yellowgreen
TrH2_TrispH2_003786	TrH2_TrispH2_003786-RA	OG_7877	TrH2	TrH2.yellowgreen
TrH2_TrispH2_006702	TrH2_TrispH2_006702-RA	OG_6399	TrH2	TrH2.yellowgreen
TrH2_TrispH2_006608	TrH2_TrispH2_006608-RA	OG_3130	TrH2	TrH2.yellowgreen
TrH2_TrispH2_005604	TrH2_TrispH2_005604-RA	OG_7494	TrH2	TrH2.yellowgreen
TrH2_TrispH2_008407	TrH2_TrispH2_008407-RA	OG_9236	TrH2	TrH2.yellowgreen
TrH2_TrispH2_003383	TrH2_TrispH2_003383-RA	OG_2027	TrH2	TrH2.yellowgreen
TrH2_TrispH2_010350	TrH2_TrispH2_010350-RA	OG_6670	TrH2	TrH2.yellowgreen
TrH2_TrispH2_010622	TrH2_TrispH2_010622-RA	OG_9365	TrH2	TrH2.yellowgreen
TrH2_TrispH2_003733	TrH2_TrispH2_003733-RA	OG_8390	TrH2	TrH2.yellowgreen
TrH2_TrispH2_003401	TrH2_TrispH2_003401-RA	OG_9178	TrH2	TrH2.yellowgreen
TrH2_TrispH2_007760	TrH2_TrispH2_007760-RA	OG_9375	TrH2	TrH2.yellowgreen
TrH2_TrispH2_007277	TrH2_TrispH2_007277-RA	OG_8198	TrH2	TrH2.yellowgreen
TrH2_TrispH2_000491	TrH2_TrispH2_000491-RA	OG_3250	TrH2	TrH2.yellowgreen
TrH2_TrispH2_006374	TrH2_TrispH2_006374-RA	OG_10730	TrH2	TrH2.darkorange2
TrH2_TrispH2_006955	TrH2_TrispH2_006955-RA	OG_4218	TrH2	TrH2.darkorange2
TrH2_TrispH2_012230	TrH2_TrispH2_012230-RA	OG_4217	TrH2	TrH2.darkorange2
TrH2_TrispH2_009854	TrH2_TrispH2_009854-RA	OG_5432	TrH2	TrH2.darkorange2
TrH2_TrispH2_010426	TrH2_TrispH2_010426-RA	OG_4547	TrH2	TrH2.darkorange2
TrH2_TrispH2_003321	TrH2_TrispH2_003321-RA	OG_9648	TrH2	TrH2.darkorange2
TrH2_TrispH2_010195	TrH2_TrispH2_010195-RA	OG_7071	TrH2	TrH2.darkorange2
TrH2_TrispH2_000335	TrH2_TrispH2_000335-RA	OG_1926	TrH2	TrH2.darkorange2
TrH2_TrispH2_010695	TrH2_TrispH2_010695-RA	OG_8153	TrH2	TrH2.darkorange2
TrH2_TrispH2_004589	TrH2_TrispH2_004589-RA	OG_8624	TrH2	TrH2.darkorange2
TrH2_TrispH2_011972	TrH2_TrispH2_011972-RA	OG_6407	TrH2	TrH2.darkorange2
TrH2_TrispH2_008600	TrH2_TrispH2_008600-RA	OG_8060	TrH2	TrH2.darkorange2
TrH2_TrispH2_009579	TrH2_TrispH2_009579-RA	OG_4528	TrH2	TrH2.darkorange2
TrH2_TrispH2_007202	TrH2_TrispH2_007202-RA	OG_4712	TrH2	TrH2.darkorange2
TrH2_TrispH2_011478	TrH2_TrispH2_011478-RA	OG_6482	TrH2	TrH2.darkorange2
TrH2_TrispH2_001915	TrH2_TrispH2_001915-RA	OG_7976	TrH2	TrH2.darkorange2
TrH2_TrispH2_009984	TrH2_TrispH2_009984-RA	OG_5434	TrH2	TrH2.darkorange2
TrH2_TrispH2_006523	TrH2_TrispH2_006523-RA	OG_4983	TrH2	TrH2.darkorange2
TrH2_TrispH2_002122	TrH2_TrispH2_002122-RA	OG_5219	TrH2	TrH2.darkorange2
TrH2_TrispH2_001991	TrH2_TrispH2_001991-RA	OG_9065	TrH2	TrH2.darkorange2
TrH2_TrispH2_002491	TrH2_TrispH2_002491-RA	OG_9058	TrH2	TrH2.darkorange2
TrH2_TrispH2_011792	TrH2_TrispH2_011792-RA	OG_9065	TrH2	TrH2.darkorange2
TrH2_TrispH2_003607	TrH2_TrispH2_003607-RA	OG_6635	TrH2	TrH2.darkorange2
TrH2_TrispH2_011557	TrH2_TrispH2_011557-RA	OG_4163	TrH2	TrH2.darkorange2
TrH2_TrispH2_007468	TrH2_TrispH2_007468-RA	OG_8472	TrH2	TrH2.darkorange2
TrH2_TrispH2_000234	TrH2_TrispH2_000234-RA	OG_8960	TrH2	TrH2.darkorange2
TrH2_TrispH2_003218	TrH2_TrispH2_003218-RA	OG_8083	TrH2	TrH2.darkorange2
TrH2_TrispH2_011413	TrH2_TrispH2_011413-RA	OG_9224	TrH2	TrH2.darkorange2
TrH2_TrispH2_011770	TrH2_TrispH2_011770-RA	OG_7051	TrH2	TrH2.darkorange2
TrH2_TrispH2_011535	TrH2_TrispH2_011535-RA	OG_5571	TrH2	TrH2.darkorange2
TrH2_TrispH2_010694	TrH2_TrispH2_010694-RA	OG_2854	TrH2	TrH2.darkorange2
TrH2_TrispH2_010619	TrH2_TrispH2_010619-RA	OG_9368	TrH2	TrH2.darkorange2
TrH2_TrispH2_003400	TrH2_TrispH2_003400-RA	OG_9179	TrH2	TrH2.darkorange2
TrH2_TrispH2_003531	TrH2_TrispH2_003531-RA	OG_5117	TrH2	TrH2.darkorange2
TrH2_TrispH2_011412	TrH2_TrispH2_011412-RA	OG_10617	TrH2	TrH2.darkorange2
TrH2_TrispH2_006740	TrH2_TrispH2_006740-RA	OG_4866	TrH2	TrH2.darkorange2
TrH2_TrispH2_006512	TrH2_TrispH2_006512-RA	OG_4991	TrH2	TrH2.darkorange2
TrH2_TrispH2_010215	TrH2_TrispH2_010215-RA	OG_5725	TrH2	TrH2.darkorange2
TrH2_TrispH2_000767	TrH2_TrispH2_000767-RA	OG_3990	TrH2	TrH2.darkorange2
Hhon_g05695.t1	Hhon_g05695.t1	OG_6506	Hhon	Hhon.thistle1
Hhon_g09351.t1	Hhon_g09351.t1	OG_6852	Hhon	Hhon.thistle1
Hhon_g06496.t1	Hhon_g06496.t1	OG_1798	Hhon	Hhon.thistle1
Hhon_g01160.t1	Hhon_g01160.t1	OG_10539	Hhon	Hhon.thistle1
Hhon_g07835.t1	Hhon_g07835.t1	OG_4762	Hhon	Hhon.thistle1
Hhon_g00713.t1	Hhon_g00713.t1	OG_5689	Hhon	Hhon.thistle1
Hhon_g00904.t1	Hhon_g00904.t1	OG_6835	Hhon	Hhon.thistle1
Hhon_g05183.t1	Hhon_g05183.t1	OG_3606	Hhon	Hhon.thistle1
Hhon_g03287.t1	Hhon_g03287.t1	OG_6396	Hhon	Hhon.thistle1
Hhon_g09334.t1	Hhon_g09334.t1	OG_3002	Hhon	Hhon.thistle1
Hhon_g02067.t1	Hhon_g02067.t1	OG_3593	Hhon	Hhon.thistle1
Hhon_g11348.t1	Hhon_g11348.t1	OG_5421	Hhon	Hhon.thistle1
Hhon_g09437.t1	Hhon_g09437.t1	OG_5479	Hhon	Hhon.thistle1
Hhon_g09496.t1	Hhon_g09496.t1	OG_8949	Hhon	Hhon.thistle1
Hhon_g05401.t1	Hhon_g05401.t1	OG_7561	Hhon	Hhon.thistle1
Hhon_g10773.t1	Hhon_g10773.t1	OG_6447	Hhon	Hhon.bisque4
Hhon_g01826.t1	Hhon_g01826.t1	OG_5254	Hhon	Hhon.bisque4
Hhon_g04673.t1	Hhon_g04673.t1	OG_2895	Hhon	Hhon.bisque4
Hhon_g09143.t1	Hhon_g09143.t1	OG_9331	Hhon	Hhon.bisque4
Hhon_g10739.t1	Hhon_g10739.t1	OG_5031	Hhon	Hhon.bisque4
Hhon_g08583.t1	Hhon_g08583.t1	OG_4570	Hhon	Hhon.bisque4
Hhon_g04984.t1	Hhon_g04984.t1	OG_1414	Hhon	Hhon.bisque4
Hhon_g05999.t1	Hhon_g05999.t1	OG_5914	Hhon	Hhon.bisque4
Hhon_g03288.t1	Hhon_g03288.t1	OG_6397	Hhon	Hhon.bisque4
Hhon_g04138.t1	Hhon_g04138.t1	OG_7797	Hhon	Hhon.bisque4
Hhon_g00845.t1	Hhon_g00845.t1	OG_6263	Hhon	Hhon.bisque4
Hhon_g06410.t1	Hhon_g06410.t1	OG_3786	Hhon	Hhon.bisque4
Hhon_g09054.t1	Hhon_g09054.t1	OG_7123	Hhon	Hhon.bisque4
Hhon_g09740.t1	Hhon_g09740.t1	OG_6166	Hhon	Hhon.bisque4
Hhon_g07590.t1	Hhon_g07590.t1	OG_3908	Hhon	Hhon.bisque4
Hhon_g09234.t1	Hhon_g09234.t1	OG_6638	Hhon	Hhon.bisque4
Hhon_g10740.t1	Hhon_g10740.t1	OG_5031	Hhon	Hhon.bisque4
Hhon_g11625.t1	Hhon_g11625.t1	OG_8603	Hhon	Hhon.bisque4
Hhon_g01094.t1	Hhon_g01094.t1	OG_300	Hhon	Hhon.bisque4
Hhon_g08676.t1	Hhon_g08676.t1	OG_5656	Hhon	Hhon.bisque4
Hhon_g08104.t1	Hhon_g08104.t1	OG_9610	Hhon	Hhon.bisque4
Hhon_g04140.t1	Hhon_g04140.t1	OG_4261	Hhon	Hhon.bisque4
Hhon_g05399.t1	Hhon_g05399.t1	OG_7562	Hhon	Hhon.bisque4
Hhon_g03403.t1	Hhon_g03403.t1	OG_929	Hhon	Hhon.bisque4
Hhon_g09189.t1	Hhon_g09189.t1	OG_2451	Hhon	Hhon.bisque4
Hhon_g09776.t1	Hhon_g09776.t1	OG_4096	Hhon	Hhon.bisque4
Hhon_g02391.t1	Hhon_g02391.t1	OG_6605	Hhon	Hhon.bisque4
Hhon_g10392.t1	Hhon_g10392.t1	OG_4774	Hhon	Hhon.bisque4
Hhon_g06380.t1	Hhon_g06380.t1	OG_3080	Hhon	Hhon.bisque4
Hhon_g05898.t1	Hhon_g05898.t1	OG_10142	Hhon	Hhon.bisque4
Hhon_g02885.t1	Hhon_g02885.t1	OG_8999	Hhon	Hhon.bisque4
Hhon_g08279.t1	Hhon_g08279.t1	OG_6137	Hhon	Hhon.bisque4
Hhon_g07343.t1	Hhon_g07343.t1	OG_9759	Hhon	Hhon.bisque4
Hhon_g00961.t1	Hhon_g00961.t1	OG_2876	Hhon	Hhon.bisque4
Hhon_g02060.t1	Hhon_g02060.t1	OG_8598	Hhon	Hhon.bisque4
Hhon_g07523.t1	Hhon_g07523.t1	OG_5720	Hhon	Hhon.bisque4
Hhon_g10698.t1	Hhon_g10698.t1	OG_4700	Hhon	Hhon.bisque4
Hhon_g05906.t1	Hhon_g05906.t1	OG_10146	Hhon	Hhon.bisque4
Hhon_g07210.t1	Hhon_g07210.t1	OG_8522	Hhon	Hhon.bisque4
Hhon_g01821.t1	Hhon_g01821.t1	OG_3194	Hhon	Hhon.bisque4
Hhon_g04204.t1	Hhon_g04204.t1	OG_9626	Hhon	Hhon.bisque4
Hhon_g03289.t1	Hhon_g03289.t1	OG_6399	Hhon	Hhon.darkslateblue
Hhon_g01764.t1	Hhon_g01764.t1	OG_8674	Hhon	Hhon.darkslateblue
Hhon_g00684.t1	Hhon_g00684.t1	OG_9412	Hhon	Hhon.darkslateblue
Hhon_g00823.t1	Hhon_g00823.t1	OG_7434	Hhon	Hhon.darkslateblue
Hhon_g03569.t1	Hhon_g03569.t1	OG_3888	Hhon	Hhon.darkslateblue
Hhon_g00849.t1	Hhon_g00849.t1	OG_6259	Hhon	Hhon.darkslateblue
Hhon_g00323.t1	Hhon_g00323.t1	OG_4876	Hhon	Hhon.darkslateblue
Hhon_g07857.t1	Hhon_g07857.t1	OG_5119	Hhon	Hhon.darkslateblue
Hhon_g10380.t1	Hhon_g10380.t1	OG_4780	Hhon	Hhon.darkslateblue
Hhon_g04324.t1	Hhon_g04324.t1	OG_7512	Hhon	Hhon.darkslateblue
Hhon_g00415.t1	Hhon_g00415.t1	OG_131	Hhon	Hhon.darkslateblue
Hhon_g05652.t1	Hhon_g05652.t1	OG_1564	Hhon	Hhon.darkslateblue
Hhon_g08174.t1	Hhon_g08174.t1	OG_6228	Hhon	Hhon.darkslateblue
Hhon_g04708.t1	Hhon_g04708.t1	OG_10388	Hhon	Hhon.darkslateblue
Hhon_g07098.t1	Hhon_g07098.t1	OG_3741	Hhon	Hhon.darkslateblue
Hhon_g08729.t1	Hhon_g08729.t1	OG_4873	Hhon	Hhon.darkslateblue
Hhon_g11927.t1	Hhon_g11927.t1	OG_2870	Hhon	Hhon.darkslateblue
Hhon_g07188.t1	Hhon_g07188.t1	OG_8510	Hhon	Hhon.darkslateblue
Hhon_g04472.t1	Hhon_g04472.t1	OG_1238	Hhon	Hhon.darkslateblue
Hhon_g05653.t1	Hhon_g05653.t1	OG_1565	Hhon	Hhon.darkslateblue
Hhon_g00683.t1	Hhon_g00683.t1	OG_9411	Hhon	Hhon.darkslateblue
Hhon_g10444.t1	Hhon_g10444.t1	OG_9536	Hhon	Hhon.darkslateblue
Hhon_g01312.t1	Hhon_g01312.t1	OG_5448	Hhon	Hhon.darkslateblue
Hhon_g05442.t1	Hhon_g05442.t1	OG_5681	Hhon	Hhon.darkslateblue
Hhon_g11389.t1	Hhon_g11389.t1	OG_5436	Hhon	Hhon.darkslateblue
Hhon_g04432.t1	Hhon_g04432.t1	OG_9678	Hhon	Hhon.darkslateblue
Hhon_g07274.t1	Hhon_g07274.t1	OG_7494	Hhon	Hhon.darkslateblue
Hhon_g01468.t1	Hhon_g01468.t1	OG_8566	Hhon	Hhon.darkslateblue
Hhon_g05400.t1	Hhon_g05400.t1	OG_1510	Hhon	Hhon.darkslateblue
Hhon_g08009.t1	Hhon_g08009.t1	OG_3063	Hhon	Hhon.darkslateblue
Hhon_g01298.t1	Hhon_g01298.t1	OG_357	Hhon	Hhon.darkslateblue
Hhon_g07225.t1	Hhon_g07225.t1	OG_5434	Hhon	Hhon.darkmagenta
Hhon_g09237.t1	Hhon_g09237.t1	OG_6635	Hhon	Hhon.darkmagenta
Hhon_g01339.t1	Hhon_g01339.t1	OG_4983	Hhon	Hhon.darkmagenta
Hhon_g06035.t1	Hhon_g06035.t1	OG_4712	Hhon	Hhon.darkmagenta
Hhon_g00780.t1	Hhon_g00780.t1	OG_9065	Hhon	Hhon.darkmagenta
Hhon_g01958.t1	Hhon_g01958.t1	OG_9224	Hhon	Hhon.darkmagenta
Hhon_g02706.t1	Hhon_g02706.t1	OG_10006	Hhon	Hhon.darkmagenta
Hhon_g01250.t1	Hhon_g01250.t1	OG_6010	Hhon	Hhon.darkmagenta
Hhon_g05119.t1	Hhon_g05119.t1	OG_8008	Hhon	Hhon.darkmagenta
Hhon_g10811.t1	Hhon_g10811.t1	OG_8153	Hhon	Hhon.darkmagenta
Hhon_g11264.t1	Hhon_g11264.t1	OG_7976	Hhon	Hhon.darkmagenta
Hhon_g08276.t1	Hhon_g08276.t1	OG_6139	Hhon	Hhon.darkmagenta
Hhon_g10969.t1	Hhon_g10969.t1	OG_6482	Hhon	Hhon.darkmagenta
Hhon_g08855.t1	Hhon_g08855.t1	OG_10042	Hhon	Hhon.darkmagenta
Hhon_g08041.t1	Hhon_g08041.t1	OG_7976	Hhon	Hhon.darkmagenta
Hhon_g07333.t1	Hhon_g07333.t1	OG_7236	Hhon	Hhon.darkmagenta
Hhon_g08733.t1	Hhon_g08733.t1	OG_10561	Hhon	Hhon.darkmagenta
Hhon_g10250.t1	Hhon_g10250.t1	OG_3565	Hhon	Hhon.darkmagenta
Hhon_g07984.t1	Hhon_g07984.t1	OG_8020	Hhon	Hhon.darkmagenta
Hhon_g01512.t1	Hhon_g01512.t1	OG_8546	Hhon	Hhon.darkmagenta
Hhon_g09022.t1	Hhon_g09022.t1	OG_7931	Hhon	Hhon.darkmagenta
Hhon_g07353.t1	Hhon_g07353.t1	OG_4866	Hhon	Hhon.darkmagenta
Hhon_g00729.t1	Hhon_g00729.t1	OG_9095	Hhon	Hhon.darkmagenta
Hhon_g06607.t1	Hhon_g06607.t1	OG_1821	Hhon	Hhon.darkmagenta
Hhon_g07921.t1	Hhon_g07921.t1	OG_5117	Hhon	Hhon.darkmagenta
Hhon_g06053.t1	Hhon_g06053.t1	OG_6302	Hhon	Hhon.darkmagenta
Hhon_g04406.t1	Hhon_g04406.t1	OG_6743	Hhon	Hhon.darkmagenta
Hhon_g02297.t1	Hhon_g02297.t1	OG_4528	Hhon	Hhon.darkmagenta
HoiH23_PlH23_002693	HoiH23_PlH23_002693-RA	OG_8289	HoiH23	HoiH23.thistle1
HoiH23_PlH23_003056	HoiH23_PlH23_003056-RA	OG_7792	HoiH23	HoiH23.thistle1
HoiH23_PlH23_011352	HoiH23_PlH23_011352-RA	OG_6407	HoiH23	HoiH23.thistle1
HoiH23_PlH23_007219	HoiH23_PlH23_007219-RA	OG_9625	HoiH23	HoiH23.thistle1
HoiH23_PlH23_003055	HoiH23_PlH23_003055-RA	OG_7791	HoiH23	HoiH23.thistle1
HoiH23_PlH23_009277	HoiH23_PlH23_009277-RA	OG_4873	HoiH23	HoiH23.thistle1
HoiH23_PlH23_009665	HoiH23_PlH23_009665-RA	OG_9759	HoiH23	HoiH23.thistle1
HoiH23_PlH23_009326	HoiH23_PlH23_009326-RA	OG_4217	HoiH23	HoiH23.thistle1
HoiH23_PlH23_011082	HoiH23_PlH23_011082-RA	OG_6137	HoiH23	HoiH23.thistle1
HoiH23_PlH23_000811	HoiH23_PlH23_000811-RA	OG_3624	HoiH23	HoiH23.thistle1
HoiH23_PlH23_001565	HoiH23_PlH23_001565-RA	OG_3157	HoiH23	HoiH23.thistle1
HoiH23_PlH23_003984	HoiH23_PlH23_003984-RA	OG_7236	HoiH23	HoiH23.thistle1
HoiH23_PlH23_009385	HoiH23_PlH23_009385-RA	OG_8897	HoiH23	HoiH23.thistle1
HoiH23_PlH23_006053	HoiH23_PlH23_006053-RA	OG_5219	HoiH23	HoiH23.thistle1
HoiH23_PlH23_005004	HoiH23_PlH23_005004-RA	OG_8951	HoiH23	HoiH23.thistle1
HoiH23_PlH23_009614	HoiH23_PlH23_009614-RA	OG_4560	HoiH23	HoiH23.thistle1
HoiH23_PlH23_005833	HoiH23_PlH23_005833-RA	OG_6446	HoiH23	HoiH23.thistle1
HoiH23_PlH23_004429	HoiH23_PlH23_004429-RA	OG_5434	HoiH23	HoiH23.thistle1
HoiH23_PlH23_008128	HoiH23_PlH23_008128-RA	OG_8247	HoiH23	HoiH23.thistle1
HoiH23_PlH23_005684	HoiH23_PlH23_005684-RA	OG_9610	HoiH23	HoiH23.thistle1
HoiH23_PlH23_000882	HoiH23_PlH23_000882-RA	OG_9370	HoiH23	HoiH23.thistle1
HoiH23_PlH23_010496	HoiH23_PlH23_010496-RA	OG_5434	HoiH23	HoiH23.thistle1
HoiH23_PlH23_010521	HoiH23_PlH23_010521-RA	OG_3373	HoiH23	HoiH23.thistle1
HoiH23_PlH23_004108	HoiH23_PlH23_004108-RA	OG_8083	HoiH23	HoiH23.thistle1
HoiH23_PlH23_004381	HoiH23_PlH23_004381-RA	OG_9753	HoiH23	HoiH23.thistle1
HoiH23_PlH23_000178	HoiH23_PlH23_000178-RA	OG_4547	HoiH23	HoiH23.thistle1
HoiH23_PlH23_006683	HoiH23_PlH23_006683-RA	OG_7077	HoiH23	HoiH23.thistle1
HoiH23_PlH23_006433	HoiH23_PlH23_006433-RA	OG_5311	HoiH23	HoiH23.thistle1
HoiH23_PlH23_000541	HoiH23_PlH23_000541-RA	OG_10142	HoiH23	HoiH23.thistle1
HoiH23_PlH23_007703	HoiH23_PlH23_007703-RA	OG_5117	HoiH23	HoiH23.thistle1
HoiH23_PlH23_005779	HoiH23_PlH23_005779-RA	OG_7659	HoiH23	HoiH23.thistle1
HoiH23_PlH23_008907	HoiH23_PlH23_008907-RA	OG_6852	HoiH23	HoiH23.orangered4
HoiH23_PlH23_009787	HoiH23_PlH23_009787-RA	OG_5689	HoiH23	HoiH23.orangered4
HoiH23_PlH23_008905	HoiH23_PlH23_008905-RA	OG_6851	HoiH23	HoiH23.orangered4
HoiH23_PlH23_004244	HoiH23_PlH23_004244-RA	OG_9907	HoiH23	HoiH23.orangered4
HoiH23_PlH23_011998	HoiH23_PlH23_011998-RA	OG_8715	HoiH23	HoiH23.orangered4
HoiH23_PlH23_005834	HoiH23_PlH23_005834-RA	OG_6447	HoiH23	HoiH23.orangered4
HoiH23_PlH23_011072	HoiH23_PlH23_011072-RA	OG_5031	HoiH23	HoiH23.orangered4
HoiH23_PlH23_006267	HoiH23_PlH23_006267-RA	OG_4744	HoiH23	HoiH23.orangered4
HoiH23_PlH23_006299	HoiH23_PlH23_006299-RA	OG_4774	HoiH23	HoiH23.orangered4
HoiH23_PlH23_007154	HoiH23_PlH23_007154-RA	OG_4120	HoiH23	HoiH23.orangered4
HoiH23_PlH23_000960	HoiH23_PlH23_000960-RA	OG_9412	HoiH23	HoiH23.orangered4
HoiH23_PlH23_012037	HoiH23_PlH23_012037-RA	OG_6506	HoiH23	HoiH23.orangered4
HoiH23_PlH23_011619	HoiH23_PlH23_011619-RA	OG_4874	HoiH23	HoiH23.orangered4
HoiH23_PlH23_004357	HoiH23_PlH23_004357-RA	OG_3786	HoiH23	HoiH23.orangered4
HoiH23_PlH23_007626	HoiH23_PlH23_007626-RA	OG_6259	HoiH23	HoiH23.orangered4
HoiH23_PlH23_009240	HoiH23_PlH23_009240-RA	OG_1798	HoiH23	HoiH23.orangered4
HoiH23_PlH23_002346	HoiH23_PlH23_002346-RA	OG_4900	HoiH23	HoiH23.orangered4
HoiH23_PlH23_002698	HoiH23_PlH23_002698-RA	OG_3741	HoiH23	HoiH23.orangered4
HoiH23_PlH23_003982	HoiH23_PlH23_003982-RA	OG_7234	HoiH23	HoiH23.orangered4
HoiH23_PlH23_003983	HoiH23_PlH23_003983-RA	OG_7235	HoiH23	HoiH23.orangered4
HoiH23_PlH23_007519	HoiH23_PlH23_007519-RA	OG_5448	HoiH23	HoiH23.orangered4
HoiH23_PlH23_005916	HoiH23_PlH23_005916-RA	OG_4808	HoiH23	HoiH23.orangered4
HoiH23_PlH23_002046	HoiH23_PlH23_002046-RA	OG_6399	HoiH23	HoiH23.orangered4
HoiH23_PlH23_009486	HoiH23_PlH23_009486-RA	OG_4876	HoiH23	HoiH23.orangered4
HoiH23_PlH23_001259	HoiH23_PlH23_001259-RA	OG_3606	HoiH23	HoiH23.orangered4
HoiH23_PlH23_001234	HoiH23_PlH23_001234-RA	OG_10236	HoiH23	HoiH23.orangered4
HoiH23_PlH23_009330	HoiH23_PlH23_009330-RA	OG_10285	HoiH23	HoiH23.orangered4
HoiH23_PlH23_007155	HoiH23_PlH23_007155-RA	OG_8098	HoiH23	HoiH23.orangered4
HoiH23_PlH23_000197	HoiH23_PlH23_000197-RA	OG_7512	HoiH23	HoiH23.orangered4
HoiH23_PlH23_007937	HoiH23_PlH23_007937-RA	OG_5821	HoiH23	HoiH23.orangered4
HoiH23_PlH23_007998	HoiH23_PlH23_007998-RA	OG_5725	HoiH23	HoiH23.orangered4
HoiH23_PlH23_004600	HoiH23_PlH23_004600-RA	OG_7494	HoiH23	HoiH23.orangered4
HoiH23_PlH23_001866	HoiH23_PlH23_001866-RA	OG_9678	HoiH23	HoiH23.orangered4
HoiH23_PlH23_006092	HoiH23_PlH23_006092-RA	OG_10104	HoiH23	HoiH23.orangered4
HoiH23_PlH23_009319	HoiH23_PlH23_009319-RA	OG_4263	HoiH23	HoiH23.orangered4
HoiH23_PlH23_006906	HoiH23_PlH23_006906-RA	OG_4234	HoiH23	HoiH23.orangered4
HoiH23_PlH23_001449	HoiH23_PlH23_001449-RA	OG_7324	HoiH23	HoiH23.orangered4
HoiH23_PlH23_001654	HoiH23_PlH23_001654-RA	OG_262	HoiH23	HoiH23.orangered4
HoiH23_PlH23_002696	HoiH23_PlH23_002696-RA	OG_8292	HoiH23	HoiH23.orangered4
HoiH23_PlH23_011333	HoiH23_PlH23_011333-RA	OG_1564	HoiH23	HoiH23.orangered4
HoiH23_PlH23_006648	HoiH23_PlH23_006648-RA	OG_4406	HoiH23	HoiH23.orangered4
HoiH23_PlH23_010246	HoiH23_PlH23_010246-RA	OG_6636	HoiH23	HoiH23.orangered4
HoiH23_PlH23_009241	HoiH23_PlH23_009241-RA	OG_1799	HoiH23	HoiH23.orangered4
HoiH23_PlH23_007816	HoiH23_PlH23_007816-RA	OG_4547	HoiH23	HoiH23.white
HoiH23_PlH23_011918	HoiH23_PlH23_011918-RA	OG_4397	HoiH23	HoiH23.white
HoiH23_PlH23_004203	HoiH23_PlH23_004203-RA	OG_2451	HoiH23	HoiH23.white
HoiH23_PlH23_010126	HoiH23_PlH23_010126-RA	OG_4219	HoiH23	HoiH23.white
HoiH23_PlH23_010495	HoiH23_PlH23_010495-RA	OG_5432	HoiH23	HoiH23.white
HoiH23_PlH23_009451	HoiH23_PlH23_009451-RA	OG_8153	HoiH23	HoiH23.white
HoiH23_PlH23_011006	HoiH23_PlH23_011006-RA	OG_6482	HoiH23	HoiH23.white
HoiH23_PlH23_002045	HoiH23_PlH23_002045-RA	OG_6397	HoiH23	HoiH23.white
HoiH23_PlH23_009617	HoiH23_PlH23_009617-RA	OG_9648	HoiH23	HoiH23.white
HoiH23_PlH23_004202	HoiH23_PlH23_004202-RA	OG_4050	HoiH23	HoiH23.white
HoiH23_PlH23_000286	HoiH23_PlH23_000286-RA	OG_7562	HoiH23	HoiH23.white
HoiH23_PlH23_011708	HoiH23_PlH23_011708-RA	OG_6868	HoiH23	HoiH23.white
HoiH23_PlH23_011478	HoiH23_PlH23_011478-RA	OG_4548	HoiH23	HoiH23.white
HoiH23_PlH23_011935	HoiH23_PlH23_011935-RA	OG_8749	HoiH23	HoiH23.white
HoiH23_PlH23_008484	HoiH23_PlH23_008484-RA	OG_6131	HoiH23	HoiH23.white
HoiH23_PlH23_008337	HoiH23_PlH23_008337-RA	OG_1414	HoiH23	HoiH23.white
HoiH23_PlH23_011836	HoiH23_PlH23_011836-RA	OG_5254	HoiH23	HoiH23.white
HoiH23_PlH23_000390	HoiH23_PlH23_000390-RA	OG_5937	HoiH23	HoiH23.white
HoiH23_PlH23_009204	HoiH23_PlH23_009204-RA	OG_4983	HoiH23	HoiH23.white
HoiH23_PlH23_002697	HoiH23_PlH23_002697-RA	OG_8293	HoiH23	HoiH23.white
HoiH23_PlH23_001264	HoiH23_PlH23_001264-RA	OG_10255	HoiH23	HoiH23.white
HoiH23_PlH23_008600	HoiH23_PlH23_008600-RA	OG_5335	HoiH23	HoiH23.white
HoiH23_PlH23_001725	HoiH23_PlH23_001725-RA	OG_7879	HoiH23	HoiH23.white
HoiH23_PlH23_006220	HoiH23_PlH23_006220-RA	OG_9058	HoiH23	HoiH23.white
HoiH23_PlH23_008468	HoiH23_PlH23_008468-RA	OG_6121	HoiH23	HoiH23.white
HoiH23_PlH23_010902	HoiH23_PlH23_010902-RA	OG_10006	HoiH23	HoiH23.white
HoiH23_PlH23_004346	HoiH23_PlH23_004346-RA	OG_1781	HoiH23	HoiH23.white
HoiH23_PlH23_011430	HoiH23_PlH23_011430-RA	OG_1565	HoiH23	HoiH23.white
HoiH23_PlH23_005704	HoiH23_PlH23_005704-RA	OG_9622	HoiH23	HoiH23.white
HoiH23_PlH23_004487	HoiH23_PlH23_004487-RA	OG_6302	HoiH23	HoiH23.white
HoiH23_PlH23_005742	HoiH23_PlH23_005742-RA	OG_3381	HoiH23	HoiH23.white
HoiH23_PlH23_003144	HoiH23_PlH23_003144-RA	OG_1447	HoiH23	HoiH23.white
HoiH23_PlH23_011453	HoiH23_PlH23_011453-RA	OG_4209	HoiH23	HoiH23.white
HoiH23_PlH23_006473	HoiH23_PlH23_006473-RA	OG_1821	HoiH23	HoiH23.white
HoiH23_PlH23_005558	HoiH23_PlH23_005558-RA	OG_4528	HoiH23	HoiH23.white
HoiH23_PlH23_003064	HoiH23_PlH23_003064-RA	OG_7797	HoiH23	HoiH23.white
HoiH23_PlH23_004052	HoiH23_PlH23_004052-RA	OG_9182	HoiH23	HoiH23.white
HoiH23_PlH23_004874	HoiH23_PlH23_004874-RA	OG_9224	HoiH23	HoiH23.white
HoiH23_PlH23_000720	HoiH23_PlH23_000720-RA	OG_2959	HoiH23	HoiH23.white
HoiH23_PlH23_009991	HoiH23_PlH23_009991-RA	OG_3567	HoiH23	HoiH23.white
HoiH23_PlH23_002855	HoiH23_PlH23_002855-RA	OG_947	HoiH23	HoiH23.white
HoiH23_PlH23_003143	HoiH23_PlH23_003143-RA	OG_1447	HoiH23	HoiH23.white
HoiH23_PlH23_010244	HoiH23_PlH23_010244-RA	OG_2467	HoiH23	HoiH23.white
